[INFO] Scanning for projects...
[INFO] 
[INFO] --------------------------< org.program:Pair >--------------------------
[INFO] Building Pair 0.0.1-SNAPSHOT
[INFO]   from pom.xml
[INFO] --------------------------------[ jar ]---------------------------------
[INFO] 
[INFO] >>> spring-boot:4.1.0:run (default-cli) > test-compile @ Pair >>>
[INFO] 
[INFO] --- resources:3.5.0:resources (default-resources) @ Pair ---
[INFO] Copying 1 resource from src\main\resources to target\classes
[INFO] Copying 19 resources from src\main\resources to target\classes
[INFO] 
[INFO] --- compiler:3.15.0:compile (default-compile) @ Pair ---
[INFO] Nothing to compile - all classes are up to date.
[INFO] 
[INFO] --- resources:3.5.0:testResources (default-testResources) @ Pair ---
[INFO] skip non existing resourceDirectory C:\Users\paric\Downloads\core-spring-labfiles\core-spring-labfiles\Pair\src\test\resources
[INFO] 
[INFO] --- compiler:3.15.0:testCompile (default-testCompile) @ Pair ---
[INFO] Nothing to compile - all classes are up to date.
[INFO] 
[INFO] <<< spring-boot:4.1.0:run (default-cli) < test-compile @ Pair <<<
[INFO] 
[INFO] 
[INFO] --- spring-boot:4.1.0:run (default-cli) @ Pair ---
[INFO] Attaching agents: []

  .   ____          _            __ _ _
 /\\ / ___'_ __ _ _(_)_ __  __ _ \ \ \ \
( ( )\___ | '_ | '_| | '_ \/ _` | \ \ \ \
 \\/  ___)| |_)| | | | | || (_| |  ) ) ) )
  '  |____| .__|_| |_|_| |_\__, | / / / /
 =========|_|==============|___/=/_/_/_/

 :: Spring Boot ::                (v4.1.0)

2026-06-22T22:26:48.948+02:00  INFO 6764 --- [Pair] [  restartedMain] org.program.pair.PairApplication         : Starting PairApplication using Java 21.0.1 with PID 6764 (C:\Users\paric\Downloads\core-spring-labfiles\core-spring-labfiles\Pair\target\classes started by paric in C:\Users\paric\Downloads\core-spring-labfiles\core-spring-labfiles\Pair)
2026-06-22T22:26:48.954+02:00  INFO 6764 --- [Pair] [  restartedMain] org.program.pair.PairApplication         : No active profile set, falling back to 1 default profile: "default"
2026-06-22T22:26:49.037+02:00  INFO 6764 --- [Pair] [  restartedMain] .e.DevToolsPropertyDefaultsPostProcessor : Devtools property defaults active! Set 'spring.devtools.add-properties' to 'false' to disable
2026-06-22T22:26:49.037+02:00  INFO 6764 --- [Pair] [  restartedMain] .e.DevToolsPropertyDefaultsPostProcessor : For additional web related logging consider setting the 'logging.level.web' property to 'DEBUG'
2026-06-22T22:26:50.003+02:00  INFO 6764 --- [Pair] [  restartedMain] .s.d.r.c.RepositoryConfigurationDelegate : Bootstrapping Spring Data JPA repositories in DEFAULT mode.
2026-06-22T22:26:50.134+02:00  INFO 6764 --- [Pair] [  restartedMain] .s.d.r.c.RepositoryConfigurationDelegate : Finished Spring Data repository scanning in 118 ms. Found 19 JPA repository interfaces.
2026-06-22T22:26:51.582+02:00  INFO 6764 --- [Pair] [  restartedMain] o.s.boot.tomcat.TomcatWebServer          : Tomcat initialized with port 8090 (http)
2026-06-22T22:26:51.613+02:00  INFO 6764 --- [Pair] [  restartedMain] o.apache.catalina.core.StandardService   : Starting service [Tomcat]
2026-06-22T22:26:51.614+02:00  INFO 6764 --- [Pair] [  restartedMain] o.apache.catalina.core.StandardEngine    : Starting Servlet engine: [Apache Tomcat/11.0.22]
2026-06-22T22:26:51.696+02:00  INFO 6764 --- [Pair] [  restartedMain] b.w.c.s.WebApplicationContextInitializer : Root WebApplicationContext: initialization completed in 2657 ms
2026-06-22T22:26:51.982+02:00  INFO 6764 --- [Pair] [  restartedMain] org.hibernate.orm.jpa                    : HHH008540: Processing PersistenceUnitInfo [name: default]
2026-06-22T22:26:52.083+02:00  INFO 6764 --- [Pair] [  restartedMain] org.hibernate.orm.core                   : HHH000001: Hibernate ORM core version 7.4.1.Final
2026-06-22T22:26:52.101+02:00  INFO 6764 --- [Pair] [  restartedMain] o.h.spatial.integration.SpatialService   : HHH80000001: Hibernate Spatial integration enabled: true
2026-06-22T22:26:52.621+02:00  INFO 6764 --- [Pair] [  restartedMain] com.zaxxer.hikari.HikariDataSource       : HikariPool-1 - Starting...
2026-06-22T22:26:52.884+02:00  INFO 6764 --- [Pair] [  restartedMain] com.zaxxer.hikari.pool.HikariPool        : HikariPool-1 - Added connection org.postgresql.jdbc.PgConnection@78e36352
2026-06-22T22:26:52.887+02:00  INFO 6764 --- [Pair] [  restartedMain] com.zaxxer.hikari.HikariDataSource       : HikariPool-1 - Start completed.
2026-06-22T22:26:52.939+02:00  WARN 6764 --- [Pair] [  restartedMain] org.hibernate.orm.deprecation            : HHH90000025: PostgreSQLDialect does not need to be specified explicitly using 'hibernate.dialect' (remove the property setting and it will be selected by default)
2026-06-22T22:26:52.985+02:00  INFO 6764 --- [Pair] [  restartedMain] org.hibernate.orm.connections.pooling    : HHH10001005: Database info:
	Database JDBC URL [jdbc:postgresql://localhost:5432/pair_db]
	Database driver: PostgreSQL JDBC Driver
	Database dialect: PostgreSQLDialect
	Database version: 18.4
	Default catalog/schema: pair_db/public
	Autocommit mode: undefined/unknown
	Isolation level: READ_COMMITTED [default READ_COMMITTED]
	JDBC fetch size: none
	Pool: DataSourceConnectionProvider
	Minimum pool size: undefined/unknown
	Maximum pool size: undefined/unknown
2026-06-22T22:26:53.320+02:00  INFO 6764 --- [Pair] [  restartedMain] o.s.o.j.p.SpringPersistenceUnitInfo      : No LoadTimeWeaver setup: ignoring JPA class transformer
2026-06-22T22:26:53.386+02:00  INFO 6764 --- [Pair] [  restartedMain] org.hibernate.orm.incubating             : HHH90006001: Setting 'hibernate.type.preferred_instant_jdbc_type' is still incubating (see Javadoc of corresponding member of 'org.hibernate.cfg.AvailableSettings')
2026-06-22T22:26:53.921+02:00  INFO 6764 --- [Pair] [  restartedMain] org.hibernate.orm.incubating             : HHH90006001: Setting 'hibernate.type.preferred_instant_jdbc_type' is still incubating (see Javadoc of corresponding member of 'org.hibernate.cfg.AvailableSettings')
2026-06-22T22:26:53.923+02:00  INFO 6764 --- [Pair] [  restartedMain] org.hibernate.orm.incubating             : HHH90006001: Setting 'hibernate.type.preferred_instant_jdbc_type' is still incubating (see Javadoc of corresponding member of 'org.hibernate.cfg.AvailableSettings')
2026-06-22T22:26:53.930+02:00  INFO 6764 --- [Pair] [  restartedMain] org.hibernate.orm.incubating             : HHH90006001: Setting 'hibernate.type.preferred_instant_jdbc_type' is still incubating (see Javadoc of corresponding member of 'org.hibernate.cfg.AvailableSettings')
2026-06-22T22:26:53.930+02:00  INFO 6764 --- [Pair] [  restartedMain] org.hibernate.orm.incubating             : HHH90006001: Setting 'hibernate.type.preferred_instant_jdbc_type' is still incubating (see Javadoc of corresponding member of 'org.hibernate.cfg.AvailableSettings')
2026-06-22T22:26:53.931+02:00  INFO 6764 --- [Pair] [  restartedMain] org.hibernate.orm.incubating             : HHH90006001: Setting 'hibernate.type.preferred_instant_jdbc_type' is still incubating (see Javadoc of corresponding member of 'org.hibernate.cfg.AvailableSettings')
2026-06-22T22:26:53.931+02:00  INFO 6764 --- [Pair] [  restartedMain] org.hibernate.orm.incubating             : HHH90006001: Setting 'hibernate.type.preferred_instant_jdbc_type' is still incubating (see Javadoc of corresponding member of 'org.hibernate.cfg.AvailableSettings')
2026-06-22T22:26:53.931+02:00  INFO 6764 --- [Pair] [  restartedMain] org.hibernate.orm.incubating             : HHH90006001: Setting 'hibernate.type.preferred_instant_jdbc_type' is still incubating (see Javadoc of corresponding member of 'org.hibernate.cfg.AvailableSettings')
2026-06-22T22:26:53.931+02:00  INFO 6764 --- [Pair] [  restartedMain] org.hibernate.orm.incubating             : HHH90006001: Setting 'hibernate.type.preferred_instant_jdbc_type' is still incubating (see Javadoc of corresponding member of 'org.hibernate.cfg.AvailableSettings')
2026-06-22T22:26:53.932+02:00  INFO 6764 --- [Pair] [  restartedMain] org.hibernate.orm.incubating             : HHH90006001: Setting 'hibernate.type.preferred_instant_jdbc_type' is still incubating (see Javadoc of corresponding member of 'org.hibernate.cfg.AvailableSettings')
2026-06-22T22:26:53.932+02:00  INFO 6764 --- [Pair] [  restartedMain] org.hibernate.orm.incubating             : HHH90006001: Setting 'hibernate.type.preferred_instant_jdbc_type' is still incubating (see Javadoc of corresponding member of 'org.hibernate.cfg.AvailableSettings')
2026-06-22T22:26:53.933+02:00  INFO 6764 --- [Pair] [  restartedMain] org.hibernate.orm.incubating             : HHH90006001: Setting 'hibernate.type.preferred_instant_jdbc_type' is still incubating (see Javadoc of corresponding member of 'org.hibernate.cfg.AvailableSettings')
2026-06-22T22:26:53.933+02:00  INFO 6764 --- [Pair] [  restartedMain] org.hibernate.orm.incubating             : HHH90006001: Setting 'hibernate.type.preferred_instant_jdbc_type' is still incubating (see Javadoc of corresponding member of 'org.hibernate.cfg.AvailableSettings')
2026-06-22T22:26:53.946+02:00  INFO 6764 --- [Pair] [  restartedMain] org.hibernate.orm.incubating             : HHH90006001: Setting 'hibernate.type.preferred_instant_jdbc_type' is still incubating (see Javadoc of corresponding member of 'org.hibernate.cfg.AvailableSettings')
2026-06-22T22:26:53.948+02:00  INFO 6764 --- [Pair] [  restartedMain] org.hibernate.orm.incubating             : HHH90006001: Setting 'hibernate.type.preferred_instant_jdbc_type' is still incubating (see Javadoc of corresponding member of 'org.hibernate.cfg.AvailableSettings')
2026-06-22T22:26:53.950+02:00  INFO 6764 --- [Pair] [  restartedMain] org.hibernate.orm.incubating             : HHH90006001: Setting 'hibernate.type.preferred_instant_jdbc_type' is still incubating (see Javadoc of corresponding member of 'org.hibernate.cfg.AvailableSettings')
2026-06-22T22:26:53.950+02:00  INFO 6764 --- [Pair] [  restartedMain] org.hibernate.orm.incubating             : HHH90006001: Setting 'hibernate.type.preferred_instant_jdbc_type' is still incubating (see Javadoc of corresponding member of 'org.hibernate.cfg.AvailableSettings')
2026-06-22T22:26:53.953+02:00  INFO 6764 --- [Pair] [  restartedMain] org.hibernate.orm.incubating             : HHH90006001: Setting 'hibernate.type.preferred_instant_jdbc_type' is still incubating (see Javadoc of corresponding member of 'org.hibernate.cfg.AvailableSettings')
2026-06-22T22:26:53.953+02:00  INFO 6764 --- [Pair] [  restartedMain] org.hibernate.orm.incubating             : HHH90006001: Setting 'hibernate.type.preferred_instant_jdbc_type' is still incubating (see Javadoc of corresponding member of 'org.hibernate.cfg.AvailableSettings')
2026-06-22T22:26:53.953+02:00  INFO 6764 --- [Pair] [  restartedMain] org.hibernate.orm.incubating             : HHH90006001: Setting 'hibernate.type.preferred_instant_jdbc_type' is still incubating (see Javadoc of corresponding member of 'org.hibernate.cfg.AvailableSettings')
2026-06-22T22:26:53.953+02:00  INFO 6764 --- [Pair] [  restartedMain] org.hibernate.orm.incubating             : HHH90006001: Setting 'hibernate.type.preferred_instant_jdbc_type' is still incubating (see Javadoc of corresponding member of 'org.hibernate.cfg.AvailableSettings')
2026-06-22T22:26:53.953+02:00  INFO 6764 --- [Pair] [  restartedMain] org.hibernate.orm.incubating             : HHH90006001: Setting 'hibernate.type.preferred_instant_jdbc_type' is still incubating (see Javadoc of corresponding member of 'org.hibernate.cfg.AvailableSettings')
2026-06-22T22:26:53.955+02:00  INFO 6764 --- [Pair] [  restartedMain] org.hibernate.orm.incubating             : HHH90006001: Setting 'hibernate.type.preferred_instant_jdbc_type' is still incubating (see Javadoc of corresponding member of 'org.hibernate.cfg.AvailableSettings')
2026-06-22T22:26:53.956+02:00  INFO 6764 --- [Pair] [  restartedMain] org.hibernate.orm.incubating             : HHH90006001: Setting 'hibernate.type.preferred_instant_jdbc_type' is still incubating (see Javadoc of corresponding member of 'org.hibernate.cfg.AvailableSettings')
2026-06-22T22:26:53.956+02:00  INFO 6764 --- [Pair] [  restartedMain] org.hibernate.orm.incubating             : HHH90006001: Setting 'hibernate.type.preferred_instant_jdbc_type' is still incubating (see Javadoc of corresponding member of 'org.hibernate.cfg.AvailableSettings')
2026-06-22T22:26:53.957+02:00  INFO 6764 --- [Pair] [  restartedMain] org.hibernate.orm.incubating             : HHH90006001: Setting 'hibernate.type.preferred_instant_jdbc_type' is still incubating (see Javadoc of corresponding member of 'org.hibernate.cfg.AvailableSettings')
2026-06-22T22:26:53.957+02:00  INFO 6764 --- [Pair] [  restartedMain] org.hibernate.orm.incubating             : HHH90006001: Setting 'hibernate.type.preferred_instant_jdbc_type' is still incubating (see Javadoc of corresponding member of 'org.hibernate.cfg.AvailableSettings')
2026-06-22T22:26:53.958+02:00  INFO 6764 --- [Pair] [  restartedMain] org.hibernate.orm.incubating             : HHH90006001: Setting 'hibernate.type.preferred_instant_jdbc_type' is still incubating (see Javadoc of corresponding member of 'org.hibernate.cfg.AvailableSettings')
2026-06-22T22:26:54.200+02:00  INFO 6764 --- [Pair] [  restartedMain] org.hibernate.orm.incubating             : HHH90006001: Setting 'hibernate.type.preferred_instant_jdbc_type' is still incubating (see Javadoc of corresponding member of 'org.hibernate.cfg.AvailableSettings')
2026-06-22T22:26:56.095+02:00  INFO 6764 --- [Pair] [  restartedMain] org.hibernate.orm.core                   : HHH000489: No JTA platform available (set 'hibernate.transaction.jta.platform' to enable JTA platform integration)
2026-06-22T22:26:56.108+02:00  INFO 6764 --- [Pair] [  restartedMain] j.LocalContainerEntityManagerFactoryBean : Initialized JPA EntityManagerFactory for persistence unit 'default'
2026-06-22T22:26:56.249+02:00  INFO 6764 --- [Pair] [  restartedMain] o.s.d.j.r.query.QueryEnhancerFactories   : Hibernate is in classpath; If applicable, HQL parser will be used.
2026-06-22T22:26:58.980+02:00  WARN 6764 --- [Pair] [  restartedMain] JpaBaseConfiguration$JpaWebConfiguration : spring.jpa.open-in-view is enabled by default. Therefore, database queries may be performed during view rendering. Explicitly configure spring.jpa.open-in-view to disable this warning
2026-06-22T22:26:59.215+02:00  INFO 6764 --- [Pair] [  restartedMain] r$InitializeUserDetailsManagerConfigurer : Global AuthenticationManager configured with UserDetailsService bean with name userDetailsServiceImpl
2026-06-22T22:27:00.044+02:00  INFO 6764 --- [Pair] [  restartedMain] o.s.boot.tomcat.TomcatWebServer          : Tomcat started on port 8090 (http) with context path '/'
2026-06-22T22:27:00.054+02:00  INFO 6764 --- [Pair] [  restartedMain] org.program.pair.PairApplication         : Started PairApplication in 11.828 seconds (process running for 12.693)
2026-06-22T22:27:06.615+02:00  INFO 6764 --- [Pair] [nio-8090-exec-1] o.a.c.c.C.[Tomcat].[localhost].[/]       : Initializing Spring DispatcherServlet 'dispatcherServlet'
2026-06-22T22:27:06.615+02:00  INFO 6764 --- [Pair] [nio-8090-exec-1] o.s.web.servlet.DispatcherServlet        : Initializing Servlet 'dispatcherServlet'
2026-06-22T22:27:06.617+02:00  INFO 6764 --- [Pair] [nio-8090-exec-1] o.s.web.servlet.DispatcherServlet        : Completed initialization in 2 ms
2026-06-22T22:27:11.663+02:00  WARN 6764 --- [Pair] [nio-8090-exec-3] org.hibernate.orm.jdbc.error             : HHH000247: ErrorCode: 0, SQLState: 42P01
2026-06-22T22:27:11.663+02:00  WARN 6764 --- [Pair] [nio-8090-exec-3] org.hibernate.orm.jdbc.error             : ERROR: relation "activities" does not exist
  Position: 106
2026-06-22T22:27:11.673+02:00 ERROR 6764 --- [Pair] [nio-8090-exec-3] o.p.p.s.e.GlobalExceptionHandler         : Erreur non gérée

org.springframework.dao.InvalidDataAccessResourceUsageException: JDBC exception executing SQL [ERROR: relation "activities" does not exist
  Position: 106] [select a1_0.id,a1_0.category_id,a1_0.created_at,a1_0.description,a1_0.name,a1_0.parent_id,a1_0.slug from activities a1_0 offset ? rows fetch first ? rows only]; SQL [select a1_0.id,a1_0.category_id,a1_0.created_at,a1_0.description,a1_0.name,a1_0.parent_id,a1_0.slug from activities a1_0 offset ? rows fetch first ? rows only]
	at org.springframework.orm.jpa.hibernate.HibernateExceptionTranslator.convertHibernateAccessException(HibernateExceptionTranslator.java:156) ~[spring-orm-7.0.8.jar:7.0.8]
	at org.springframework.orm.jpa.hibernate.HibernateExceptionTranslator.convertHibernateAccessException(HibernateExceptionTranslator.java:131) ~[spring-orm-7.0.8.jar:7.0.8]
	at org.springframework.orm.jpa.hibernate.HibernateExceptionTranslator.translateExceptionIfPossible(HibernateExceptionTranslator.java:105) ~[spring-orm-7.0.8.jar:7.0.8]
	at org.springframework.orm.jpa.vendor.HibernateJpaDialect.translateExceptionIfPossible(HibernateJpaDialect.java:223) ~[spring-orm-7.0.8.jar:7.0.8]
	at org.springframework.orm.jpa.AbstractEntityManagerFactoryBean.translateExceptionIfPossible(AbstractEntityManagerFactoryBean.java:577) ~[spring-orm-7.0.8.jar:7.0.8]
	at org.springframework.dao.support.ChainedPersistenceExceptionTranslator.translateExceptionIfPossible(ChainedPersistenceExceptionTranslator.java:61) ~[spring-tx-7.0.8.jar:7.0.8]
	at org.springframework.dao.support.DataAccessUtils.translateIfNecessary(DataAccessUtils.java:346) ~[spring-tx-7.0.8.jar:7.0.8]
	at org.springframework.dao.support.PersistenceExceptionTranslationInterceptor.invoke(PersistenceExceptionTranslationInterceptor.java:157) ~[spring-tx-7.0.8.jar:7.0.8]
	at org.springframework.aop.framework.ReflectiveMethodInvocation.proceed(ReflectiveMethodInvocation.java:179) ~[spring-aop-7.0.8.jar:7.0.8]
	at org.springframework.data.jpa.repository.support.CrudMethodMetadataPostProcessor$CrudMethodMetadataPopulatingMethodInterceptor.invoke(CrudMethodMetadataPostProcessor.java:166) ~[spring-data-jpa-4.1.0.jar:4.1.0]
	at org.springframework.aop.framework.ReflectiveMethodInvocation.proceed(ReflectiveMethodInvocation.java:179) ~[spring-aop-7.0.8.jar:7.0.8]
	at org.springframework.aop.framework.JdkDynamicAopProxy.invoke(JdkDynamicAopProxy.java:222) ~[spring-aop-7.0.8.jar:7.0.8]
	at jdk.proxy4/jdk.proxy4.$Proxy173.findAll(Unknown Source) ~[na:na]
	at org.program.pair.domain.activity.ActivityService.searchActivities(ActivityService.java:51) ~[classes/:na]
	at java.base/jdk.internal.reflect.DirectMethodHandleAccessor.invoke(DirectMethodHandleAccessor.java:103) ~[na:na]
	at java.base/java.lang.reflect.Method.invoke(Method.java:580) ~[na:na]
	at org.springframework.aop.support.AopUtils.invokeJoinpointUsingReflection(AopUtils.java:359) ~[spring-aop-7.0.8.jar:7.0.8]
	at org.springframework.aop.framework.ReflectiveMethodInvocation.invokeJoinpoint(ReflectiveMethodInvocation.java:190) ~[spring-aop-7.0.8.jar:7.0.8]
	at org.springframework.aop.framework.ReflectiveMethodInvocation.proceed(ReflectiveMethodInvocation.java:158) ~[spring-aop-7.0.8.jar:7.0.8]
	at org.springframework.transaction.interceptor.TransactionInterceptor$1.proceedWithInvocation(TransactionInterceptor.java:133) ~[spring-tx-7.0.8.jar:7.0.8]
	at org.springframework.transaction.interceptor.TransactionAspectSupport.invokeWithinTransaction(TransactionAspectSupport.java:371) ~[spring-tx-7.0.8.jar:7.0.8]
	at org.springframework.transaction.interceptor.TransactionInterceptor.invoke(TransactionInterceptor.java:130) ~[spring-tx-7.0.8.jar:7.0.8]
	at org.springframework.aop.framework.ReflectiveMethodInvocation.proceed(ReflectiveMethodInvocation.java:179) ~[spring-aop-7.0.8.jar:7.0.8]
	at org.springframework.aop.framework.CglibAopProxy$DynamicAdvisedInterceptor.intercept(CglibAopProxy.java:719) ~[spring-aop-7.0.8.jar:7.0.8]
	at org.program.pair.domain.activity.ActivityService$$SpringCGLIB$$0.searchActivities(<generated>) ~[classes/:na]
	at org.program.pair.domain.activity.ActivityController.searchActivities(ActivityController.java:36) ~[classes/:na]
	at java.base/jdk.internal.reflect.DirectMethodHandleAccessor.invoke(DirectMethodHandleAccessor.java:103) ~[na:na]
	at java.base/java.lang.reflect.Method.invoke(Method.java:580) ~[na:na]
	at org.springframework.aop.support.AopUtils.invokeJoinpointUsingReflection(AopUtils.java:359) ~[spring-aop-7.0.8.jar:7.0.8]
	at org.springframework.aop.framework.ReflectiveMethodInvocation.invokeJoinpoint(ReflectiveMethodInvocation.java:190) ~[spring-aop-7.0.8.jar:7.0.8]
	at org.springframework.aop.framework.ReflectiveMethodInvocation.proceed(ReflectiveMethodInvocation.java:158) ~[spring-aop-7.0.8.jar:7.0.8]
	at org.springframework.validation.beanvalidation.MethodValidationInterceptor.invoke(MethodValidationInterceptor.java:172) ~[spring-context-7.0.8.jar:7.0.8]
	at org.springframework.aop.framework.ReflectiveMethodInvocation.proceed(ReflectiveMethodInvocation.java:179) ~[spring-aop-7.0.8.jar:7.0.8]
	at org.springframework.aop.framework.CglibAopProxy$DynamicAdvisedInterceptor.intercept(CglibAopProxy.java:719) ~[spring-aop-7.0.8.jar:7.0.8]
	at org.program.pair.domain.activity.ActivityController$$SpringCGLIB$$0.searchActivities(<generated>) ~[classes/:na]
	at java.base/jdk.internal.reflect.DirectMethodHandleAccessor.invoke(DirectMethodHandleAccessor.java:103) ~[na:na]
	at java.base/java.lang.reflect.Method.invoke(Method.java:580) ~[na:na]
	at org.springframework.web.method.support.InvocableHandlerMethod.doInvoke(InvocableHandlerMethod.java:252) ~[spring-web-7.0.8.jar:7.0.8]
	at org.springframework.web.method.support.InvocableHandlerMethod.invokeForRequest(InvocableHandlerMethod.java:184) ~[spring-web-7.0.8.jar:7.0.8]
	at org.springframework.web.servlet.mvc.method.annotation.ServletInvocableHandlerMethod.invokeAndHandle(ServletInvocableHandlerMethod.java:117) ~[spring-webmvc-7.0.8.jar:7.0.8]
	at org.springframework.web.servlet.mvc.method.annotation.RequestMappingHandlerAdapter.invokeHandlerMethod(RequestMappingHandlerAdapter.java:934) ~[spring-webmvc-7.0.8.jar:7.0.8]
	at org.springframework.web.servlet.mvc.method.annotation.RequestMappingHandlerAdapter.handleInternal(RequestMappingHandlerAdapter.java:853) ~[spring-webmvc-7.0.8.jar:7.0.8]
	at org.springframework.web.servlet.mvc.method.AbstractHandlerMethodAdapter.handle(AbstractHandlerMethodAdapter.java:86) ~[spring-webmvc-7.0.8.jar:7.0.8]
	at org.springframework.web.servlet.DispatcherServlet.doDispatch(DispatcherServlet.java:963) ~[spring-webmvc-7.0.8.jar:7.0.8]
	at org.springframework.web.servlet.DispatcherServlet.doService(DispatcherServlet.java:866) ~[spring-webmvc-7.0.8.jar:7.0.8]
	at org.springframework.web.servlet.FrameworkServlet.processRequest(FrameworkServlet.java:1000) ~[spring-webmvc-7.0.8.jar:7.0.8]
	at org.springframework.web.servlet.FrameworkServlet.doGet(FrameworkServlet.java:892) ~[spring-webmvc-7.0.8.jar:7.0.8]
	at jakarta.servlet.http.HttpServlet.service(HttpServlet.java:622) ~[tomcat-embed-core-11.0.22.jar:6.1]
	at org.springframework.web.servlet.FrameworkServlet.service(FrameworkServlet.java:874) ~[spring-webmvc-7.0.8.jar:7.0.8]
	at jakarta.servlet.http.HttpServlet.service(HttpServlet.java:710) ~[tomcat-embed-core-11.0.22.jar:6.1]
	at org.apache.catalina.core.ApplicationFilterChain.doFilter(ApplicationFilterChain.java:128) ~[tomcat-embed-core-11.0.22.jar:11.0.22]
	at org.apache.tomcat.websocket.server.WsFilter.doFilter(WsFilter.java:53) ~[tomcat-embed-websocket-11.0.22.jar:11.0.22]
	at org.apache.catalina.core.ApplicationFilterChain.doFilter(ApplicationFilterChain.java:107) ~[tomcat-embed-core-11.0.22.jar:11.0.22]
	at org.springframework.web.filter.OncePerRequestFilter.doFilter(OncePerRequestFilter.java:110) ~[spring-web-7.0.8.jar:7.0.8]
	at org.apache.catalina.core.ApplicationFilterChain.doFilter(ApplicationFilterChain.java:107) ~[tomcat-embed-core-11.0.22.jar:11.0.22]
	at org.springframework.web.filter.CompositeFilter$VirtualFilterChain.doFilter(CompositeFilter.java:108) ~[spring-web-7.0.8.jar:7.0.8]
	at org.springframework.security.web.FilterChainProxy.lambda$doFilterInternal$2(FilterChainProxy.java:235) ~[spring-security-web-7.1.0.jar:7.1.0]
	at org.springframework.security.web.FilterChainProxy$VirtualFilterChain.doFilter(FilterChainProxy.java:376) ~[spring-security-web-7.1.0.jar:7.1.0]
	at org.springframework.security.web.access.intercept.AuthorizationFilter.doFilter(AuthorizationFilter.java:101) ~[spring-security-web-7.1.0.jar:7.1.0]
	at org.springframework.security.web.FilterChainProxy$VirtualFilterChain.doFilter(FilterChainProxy.java:385) ~[spring-security-web-7.1.0.jar:7.1.0]
	at org.springframework.security.web.access.ExceptionTranslationFilter.doFilter(ExceptionTranslationFilter.java:126) ~[spring-security-web-7.1.0.jar:7.1.0]
	at org.springframework.security.web.access.ExceptionTranslationFilter.doFilter(ExceptionTranslationFilter.java:120) ~[spring-security-web-7.1.0.jar:7.1.0]
	at org.springframework.security.web.FilterChainProxy$VirtualFilterChain.doFilter(FilterChainProxy.java:385) ~[spring-security-web-7.1.0.jar:7.1.0]
	at org.springframework.security.web.session.SessionManagementFilter.doFilter(SessionManagementFilter.java:132) ~[spring-security-web-7.1.0.jar:7.1.0]
	at org.springframework.security.web.session.SessionManagementFilter.doFilter(SessionManagementFilter.java:86) ~[spring-security-web-7.1.0.jar:7.1.0]
	at org.springframework.security.web.FilterChainProxy$VirtualFilterChain.doFilter(FilterChainProxy.java:385) ~[spring-security-web-7.1.0.jar:7.1.0]
	at org.springframework.security.web.authentication.AnonymousAuthenticationFilter.doFilter(AnonymousAuthenticationFilter.java:100) ~[spring-security-web-7.1.0.jar:7.1.0]
	at org.springframework.security.web.FilterChainProxy$VirtualFilterChain.doFilter(FilterChainProxy.java:385) ~[spring-security-web-7.1.0.jar:7.1.0]
	at org.springframework.security.web.servletapi.SecurityContextHolderAwareRequestFilter.doFilter(SecurityContextHolderAwareRequestFilter.java:181) ~[spring-security-web-7.1.0.jar:7.1.0]
	at org.springframework.security.web.FilterChainProxy$VirtualFilterChain.doFilter(FilterChainProxy.java:385) ~[spring-security-web-7.1.0.jar:7.1.0]
	at org.springframework.security.web.savedrequest.RequestCacheAwareFilter.doFilter(RequestCacheAwareFilter.java:63) ~[spring-security-web-7.1.0.jar:7.1.0]
	at org.springframework.security.web.FilterChainProxy$VirtualFilterChain.doFilter(FilterChainProxy.java:385) ~[spring-security-web-7.1.0.jar:7.1.0]
	at org.program.pair.shared.security.JwtAuthFilter.doFilterInternal(JwtAuthFilter.java:41) ~[classes/:na]
	at org.springframework.web.filter.OncePerRequestFilter.doFilter(OncePerRequestFilter.java:116) ~[spring-web-7.0.8.jar:7.0.8]
	at org.springframework.security.web.FilterChainProxy$VirtualFilterChain.doFilter(FilterChainProxy.java:385) ~[spring-security-web-7.1.0.jar:7.1.0]
	at org.springframework.security.web.authentication.logout.LogoutFilter.doFilter(LogoutFilter.java:110) ~[spring-security-web-7.1.0.jar:7.1.0]
	at org.springframework.security.web.authentication.logout.LogoutFilter.doFilter(LogoutFilter.java:96) ~[spring-security-web-7.1.0.jar:7.1.0]
	at org.springframework.security.web.FilterChainProxy$VirtualFilterChain.doFilter(FilterChainProxy.java:385) ~[spring-security-web-7.1.0.jar:7.1.0]
	at org.springframework.security.web.header.HeaderWriterFilter.doHeadersAfter(HeaderWriterFilter.java:90) ~[spring-security-web-7.1.0.jar:7.1.0]
	at org.springframework.security.web.header.HeaderWriterFilter.doFilterInternal(HeaderWriterFilter.java:75) ~[spring-security-web-7.1.0.jar:7.1.0]
	at org.springframework.web.filter.OncePerRequestFilter.doFilter(OncePerRequestFilter.java:116) ~[spring-web-7.0.8.jar:7.0.8]
	at org.springframework.security.web.FilterChainProxy$VirtualFilterChain.doFilter(FilterChainProxy.java:385) ~[spring-security-web-7.1.0.jar:7.1.0]
	at org.springframework.security.web.context.SecurityContextHolderFilter.doFilter(SecurityContextHolderFilter.java:82) ~[spring-security-web-7.1.0.jar:7.1.0]
	at org.springframework.security.web.context.SecurityContextHolderFilter.doFilter(SecurityContextHolderFilter.java:69) ~[spring-security-web-7.1.0.jar:7.1.0]
	at org.springframework.security.web.FilterChainProxy$VirtualFilterChain.doFilter(FilterChainProxy.java:385) ~[spring-security-web-7.1.0.jar:7.1.0]
	at org.springframework.security.web.context.request.async.WebAsyncManagerIntegrationFilter.doFilterInternal(WebAsyncManagerIntegrationFilter.java:62) ~[spring-security-web-7.1.0.jar:7.1.0]
	at org.springframework.web.filter.OncePerRequestFilter.doFilter(OncePerRequestFilter.java:116) ~[spring-web-7.0.8.jar:7.0.8]
	at org.springframework.security.web.FilterChainProxy$VirtualFilterChain.doFilter(FilterChainProxy.java:385) ~[spring-security-web-7.1.0.jar:7.1.0]
	at org.springframework.security.web.session.DisableEncodeUrlFilter.doFilterInternal(DisableEncodeUrlFilter.java:42) ~[spring-security-web-7.1.0.jar:7.1.0]
	at org.springframework.web.filter.OncePerRequestFilter.doFilter(OncePerRequestFilter.java:116) ~[spring-web-7.0.8.jar:7.0.8]
	at org.springframework.security.web.FilterChainProxy$VirtualFilterChain.doFilter(FilterChainProxy.java:385) ~[spring-security-web-7.1.0.jar:7.1.0]
	at org.springframework.security.web.FilterChainProxy.doFilterInternal(FilterChainProxy.java:237) ~[spring-security-web-7.1.0.jar:7.1.0]
	at org.springframework.security.web.FilterChainProxy.doFilter(FilterChainProxy.java:195) ~[spring-security-web-7.1.0.jar:7.1.0]
	at org.springframework.web.filter.CompositeFilter$VirtualFilterChain.doFilter(CompositeFilter.java:113) ~[spring-web-7.0.8.jar:7.0.8]
	at org.springframework.web.filter.ServletRequestPathFilter.doFilter(ServletRequestPathFilter.java:52) ~[spring-web-7.0.8.jar:7.0.8]
	at org.springframework.web.filter.CompositeFilter$VirtualFilterChain.doFilter(CompositeFilter.java:113) ~[spring-web-7.0.8.jar:7.0.8]
	at org.springframework.web.filter.CompositeFilter.doFilter(CompositeFilter.java:74) ~[spring-web-7.0.8.jar:7.0.8]
	at org.springframework.security.config.annotation.web.configuration.WebSecurityConfiguration$CompositeFilterChainProxy.doFilter(WebSecurityConfiguration.java:317) ~[spring-security-config-7.1.0.jar:7.1.0]
	at org.springframework.web.filter.DelegatingFilterProxy.invokeDelegate(DelegatingFilterProxy.java:355) ~[spring-web-7.0.8.jar:7.0.8]
	at org.springframework.web.filter.DelegatingFilterProxy.doFilter(DelegatingFilterProxy.java:272) ~[spring-web-7.0.8.jar:7.0.8]
	at org.apache.catalina.core.ApplicationFilterChain.doFilter(ApplicationFilterChain.java:107) ~[tomcat-embed-core-11.0.22.jar:11.0.22]
	at org.springframework.web.filter.RequestContextFilter.doFilterInternal(RequestContextFilter.java:100) ~[spring-web-7.0.8.jar:7.0.8]
	at org.springframework.web.filter.OncePerRequestFilter.doFilter(OncePerRequestFilter.java:116) ~[spring-web-7.0.8.jar:7.0.8]
	at org.apache.catalina.core.ApplicationFilterChain.doFilter(ApplicationFilterChain.java:107) ~[tomcat-embed-core-11.0.22.jar:11.0.22]
	at org.springframework.web.filter.FormContentFilter.doFilterInternal(FormContentFilter.java:93) ~[spring-web-7.0.8.jar:7.0.8]
	at org.springframework.web.filter.OncePerRequestFilter.doFilter(OncePerRequestFilter.java:116) ~[spring-web-7.0.8.jar:7.0.8]
	at org.apache.catalina.core.ApplicationFilterChain.doFilter(ApplicationFilterChain.java:107) ~[tomcat-embed-core-11.0.22.jar:11.0.22]
	at org.springframework.web.filter.CharacterEncodingFilter.doFilterInternal(CharacterEncodingFilter.java:199) ~[spring-web-7.0.8.jar:7.0.8]
	at org.springframework.web.filter.OncePerRequestFilter.doFilter(OncePerRequestFilter.java:116) ~[spring-web-7.0.8.jar:7.0.8]
	at org.apache.catalina.core.ApplicationFilterChain.doFilter(ApplicationFilterChain.java:107) ~[tomcat-embed-core-11.0.22.jar:11.0.22]
	at org.apache.catalina.core.StandardWrapperValve.invoke(StandardWrapperValve.java:165) ~[tomcat-embed-core-11.0.22.jar:11.0.22]
	at org.apache.catalina.core.StandardContextValve.invoke(StandardContextValve.java:77) ~[tomcat-embed-core-11.0.22.jar:11.0.22]
	at org.apache.catalina.authenticator.AuthenticatorBase.invoke(AuthenticatorBase.java:492) ~[tomcat-embed-core-11.0.22.jar:11.0.22]
	at org.apache.catalina.core.StandardHostValve.invoke(StandardHostValve.java:113) ~[tomcat-embed-core-11.0.22.jar:11.0.22]
	at org.apache.catalina.valves.ErrorReportValve.invoke(ErrorReportValve.java:83) ~[tomcat-embed-core-11.0.22.jar:11.0.22]
	at org.apache.catalina.core.StandardEngineValve.invoke(StandardEngineValve.java:72) ~[tomcat-embed-core-11.0.22.jar:11.0.22]
	at org.apache.catalina.connector.CoyoteAdapter.service(CoyoteAdapter.java:341) ~[tomcat-embed-core-11.0.22.jar:11.0.22]
	at org.apache.coyote.http11.Http11Processor.service(Http11Processor.java:397) ~[tomcat-embed-core-11.0.22.jar:11.0.22]
	at org.apache.coyote.AbstractProcessorLight.process(AbstractProcessorLight.java:63) ~[tomcat-embed-core-11.0.22.jar:11.0.22]
	at org.apache.coyote.AbstractProtocol$ConnectionHandler.process(AbstractProtocol.java:1272) ~[tomcat-embed-core-11.0.22.jar:11.0.22]
	at org.apache.tomcat.util.net.NioEndpoint$SocketProcessor.doRun(NioEndpoint.java:1801) ~[tomcat-embed-core-11.0.22.jar:11.0.22]
	at org.apache.tomcat.util.net.SocketProcessorBase.run(SocketProcessorBase.java:52) ~[tomcat-embed-core-11.0.22.jar:11.0.22]
	at org.apache.tomcat.util.threads.ThreadPoolExecutor.runWorker(ThreadPoolExecutor.java:946) ~[tomcat-embed-core-11.0.22.jar:11.0.22]
	at org.apache.tomcat.util.threads.ThreadPoolExecutor$Worker.run(ThreadPoolExecutor.java:480) ~[tomcat-embed-core-11.0.22.jar:11.0.22]
	at org.apache.tomcat.util.threads.TaskThread$WrappingRunnable.run(TaskThread.java:57) ~[tomcat-embed-core-11.0.22.jar:11.0.22]
	at java.base/java.lang.Thread.run(Thread.java:1583) ~[na:na]
Caused by: org.hibernate.exception.SQLGrammarException: JDBC exception executing SQL [ERROR: relation "activities" does not exist
  Position: 106] [select a1_0.id,a1_0.category_id,a1_0.created_at,a1_0.description,a1_0.name,a1_0.parent_id,a1_0.slug from activities a1_0 offset ? rows fetch first ? rows only]
	at org.hibernate.exception.internal.SQLStateConversionDelegate.convert(SQLStateConversionDelegate.java:63) ~[hibernate-core-7.4.1.Final.jar:7.4.1.Final]
	at org.hibernate.exception.internal.StandardSQLExceptionConverter.convert(StandardSQLExceptionConverter.java:34) ~[hibernate-core-7.4.1.Final.jar:7.4.1.Final]
	at org.hibernate.engine.jdbc.spi.SqlExceptionHelper.convert(SqlExceptionHelper.java:115) ~[hibernate-core-7.4.1.Final.jar:7.4.1.Final]
	at org.hibernate.sql.results.jdbc.internal.DeferredResultSetAccess.executeQuery(DeferredResultSetAccess.java:292) ~[hibernate-core-7.4.1.Final.jar:7.4.1.Final]
	at org.hibernate.sql.results.jdbc.internal.DeferredResultSetAccess.getResultSet(DeferredResultSetAccess.java:188) ~[hibernate-core-7.4.1.Final.jar:7.4.1.Final]
	at org.hibernate.sql.results.jdbc.internal.JdbcValuesResultSetImpl.<init>(JdbcValuesResultSetImpl.java:71) ~[hibernate-core-7.4.1.Final.jar:7.4.1.Final]
	at org.hibernate.sql.exec.internal.JdbcSelectExecutorStandardImpl.resolveJdbcValues(JdbcSelectExecutorStandardImpl.java:422) ~[hibernate-core-7.4.1.Final.jar:7.4.1.Final]
	at org.hibernate.sql.exec.internal.JdbcSelectExecutorStandardImpl.resolveJdbcValuesSource(JdbcSelectExecutorStandardImpl.java:349) ~[hibernate-core-7.4.1.Final.jar:7.4.1.Final]
	at org.hibernate.sql.exec.internal.JdbcSelectExecutorStandardImpl.doExecuteQuery(JdbcSelectExecutorStandardImpl.java:143) ~[hibernate-core-7.4.1.Final.jar:7.4.1.Final]
	at org.hibernate.sql.exec.internal.JdbcSelectExecutorStandardImpl.executeQuery(JdbcSelectExecutorStandardImpl.java:100) ~[hibernate-core-7.4.1.Final.jar:7.4.1.Final]
	at org.hibernate.sql.exec.spi.JdbcSelectExecutor.executeQuery(JdbcSelectExecutor.java:63) ~[hibernate-core-7.4.1.Final.jar:7.4.1.Final]
	at org.hibernate.sql.exec.spi.JdbcSelectExecutor.list(JdbcSelectExecutor.java:137) ~[hibernate-core-7.4.1.Final.jar:7.4.1.Final]
	at org.hibernate.query.sqm.internal.ConcreteSqmSelectQueryPlan.lambda$new$1(ConcreteSqmSelectQueryPlan.java:136) ~[hibernate-core-7.4.1.Final.jar:7.4.1.Final]
	at org.hibernate.query.sqm.internal.ConcreteSqmSelectQueryPlan.withCacheableSqmInterpretation(ConcreteSqmSelectQueryPlan.java:484) ~[hibernate-core-7.4.1.Final.jar:7.4.1.Final]
	at org.hibernate.query.sqm.internal.ConcreteSqmSelectQueryPlan.performList(ConcreteSqmSelectQueryPlan.java:411) ~[hibernate-core-7.4.1.Final.jar:7.4.1.Final]
	at org.hibernate.query.sqm.internal.SqmQueryImpl.doList(SqmQueryImpl.java:379) ~[hibernate-core-7.4.1.Final.jar:7.4.1.Final]
	at org.hibernate.query.spi.AbstractSelectionQuery.list(AbstractSelectionQuery.java:153) ~[hibernate-core-7.4.1.Final.jar:7.4.1.Final]
	at org.hibernate.query.Query.getResultList(Query.java:121) ~[hibernate-core-7.4.1.Final.jar:7.4.1.Final]
	at org.springframework.data.jpa.repository.support.SimpleJpaRepository.readPage(SimpleJpaRepository.java:745) ~[spring-data-jpa-4.1.0.jar:4.1.0]
	at org.springframework.data.jpa.repository.support.SimpleJpaRepository.findAll(SimpleJpaRepository.java:480) ~[spring-data-jpa-4.1.0.jar:4.1.0]
	at org.springframework.data.jpa.repository.support.SimpleJpaRepository.findAll(SimpleJpaRepository.java:469) ~[spring-data-jpa-4.1.0.jar:4.1.0]
	at org.springframework.data.jpa.repository.support.SimpleJpaRepository.findAll(SimpleJpaRepository.java:454) ~[spring-data-jpa-4.1.0.jar:4.1.0]
	at java.base/jdk.internal.reflect.DirectMethodHandleAccessor.invoke(DirectMethodHandleAccessor.java:103) ~[na:na]
	at java.base/java.lang.reflect.Method.invoke(Method.java:580) ~[na:na]
	at org.springframework.aop.support.AopUtils.invokeJoinpointUsingReflection(AopUtils.java:359) ~[spring-aop-7.0.8.jar:7.0.8]
	at org.springframework.data.repository.core.support.RepositoryMethodInvoker$RepositoryFragmentMethodInvoker.lambda$new$0(RepositoryMethodInvoker.java:278) ~[spring-data-commons-4.1.0.jar:4.1.0]
	at org.springframework.data.repository.core.support.RepositoryMethodInvoker.doInvoke(RepositoryMethodInvoker.java:169) ~[spring-data-commons-4.1.0.jar:4.1.0]
	at org.springframework.data.repository.core.support.RepositoryMethodInvoker.invoke(RepositoryMethodInvoker.java:158) ~[spring-data-commons-4.1.0.jar:4.1.0]
	at org.springframework.data.repository.core.support.RepositoryComposition$RepositoryFragments.invoke(RepositoryComposition.java:545) ~[spring-data-commons-4.1.0.jar:4.1.0]
	at org.springframework.data.repository.core.support.RepositoryComposition.invoke(RepositoryComposition.java:290) ~[spring-data-commons-4.1.0.jar:4.1.0]
	at org.springframework.data.repository.core.support.RepositoryFactorySupport$ImplementationMethodExecutionInterceptor.invoke(RepositoryFactorySupport.java:690) ~[spring-data-commons-4.1.0.jar:4.1.0]
	at org.springframework.aop.framework.ReflectiveMethodInvocation.proceed(ReflectiveMethodInvocation.java:179) ~[spring-aop-7.0.8.jar:7.0.8]
	at org.springframework.data.repository.core.support.QueryExecutorMethodInterceptor.doInvoke(QueryExecutorMethodInterceptor.java:171) ~[spring-data-commons-4.1.0.jar:4.1.0]
	at org.springframework.data.repository.core.support.QueryExecutorMethodInterceptor.invoke(QueryExecutorMethodInterceptor.java:146) ~[spring-data-commons-4.1.0.jar:4.1.0]
	at org.springframework.aop.framework.ReflectiveMethodInvocation.proceed(ReflectiveMethodInvocation.java:179) ~[spring-aop-7.0.8.jar:7.0.8]
	at org.springframework.data.projection.DefaultMethodInvokingMethodInterceptor.invoke(DefaultMethodInvokingMethodInterceptor.java:69) ~[spring-data-commons-4.1.0.jar:4.1.0]
	at org.springframework.aop.framework.ReflectiveMethodInvocation.proceed(ReflectiveMethodInvocation.java:179) ~[spring-aop-7.0.8.jar:7.0.8]
	at org.springframework.transaction.interceptor.TransactionInterceptor$1.proceedWithInvocation(TransactionInterceptor.java:133) ~[spring-tx-7.0.8.jar:7.0.8]
	at org.springframework.transaction.interceptor.TransactionAspectSupport.invokeWithinTransaction(TransactionAspectSupport.java:371) ~[spring-tx-7.0.8.jar:7.0.8]
	at org.springframework.transaction.interceptor.TransactionInterceptor.invoke(TransactionInterceptor.java:130) ~[spring-tx-7.0.8.jar:7.0.8]
	at org.springframework.aop.framework.ReflectiveMethodInvocation.proceed(ReflectiveMethodInvocation.java:179) ~[spring-aop-7.0.8.jar:7.0.8]
	at org.springframework.dao.support.PersistenceExceptionTranslationInterceptor.invoke(PersistenceExceptionTranslationInterceptor.java:135) ~[spring-tx-7.0.8.jar:7.0.8]
	... 118 common frames omitted
Caused by: org.postgresql.util.PSQLException: ERROR: relation "activities" does not exist
  Position: 106
	at org.postgresql.core.v3.QueryExecutorImpl.receiveErrorResponse(QueryExecutorImpl.java:2904) ~[postgresql-42.7.11.jar:42.7.11]
	at org.postgresql.core.v3.QueryExecutorImpl.processResults(QueryExecutorImpl.java:2589) ~[postgresql-42.7.11.jar:42.7.11]
	at org.postgresql.core.v3.QueryExecutorImpl.execute(QueryExecutorImpl.java:431) ~[postgresql-42.7.11.jar:42.7.11]
	at org.postgresql.jdbc.PgStatement.executeInternal(PgStatement.java:534) ~[postgresql-42.7.11.jar:42.7.11]
	at org.postgresql.jdbc.PgStatement.execute(PgStatement.java:437) ~[postgresql-42.7.11.jar:42.7.11]
	at org.postgresql.jdbc.PgPreparedStatement.executeWithFlags(PgPreparedStatement.java:196) ~[postgresql-42.7.11.jar:42.7.11]
	at org.postgresql.jdbc.PgPreparedStatement.executeQuery(PgPreparedStatement.java:139) ~[postgresql-42.7.11.jar:42.7.11]
	at com.zaxxer.hikari.pool.ProxyPreparedStatement.executeQuery(ProxyPreparedStatement.java:52) ~[HikariCP-7.0.2.jar:na]
	at com.zaxxer.hikari.pool.HikariProxyPreparedStatement.executeQuery(HikariProxyPreparedStatement.java) ~[HikariCP-7.0.2.jar:na]
	at org.hibernate.sql.results.jdbc.internal.DeferredResultSetAccess.executeQuery(DeferredResultSetAccess.java:269) ~[hibernate-core-7.4.1.Final.jar:7.4.1.Final]
	... 156 common frames omitted

2026-06-22T22:27:11.693+02:00  WARN 6764 --- [Pair] [nio-8090-exec-3] .m.m.a.ExceptionHandlerExceptionResolver : Resolved [org.springframework.dao.InvalidDataAccessResourceUsageException: JDBC exception executing SQL [ERROR: relation "activities" does not exist<EOL>  Position: 106] [select a1_0.id,a1_0.category_id,a1_0.created_at,a1_0.description,a1_0.name,a1_0.parent_id,a1_0.slug from activities a1_0 offset ? rows fetch first ? rows only]; SQL [select a1_0.id,a1_0.category_id,a1_0.created_at,a1_0.description,a1_0.name,a1_0.parent_id,a1_0.slug from activities a1_0 offset ? rows fetch first ? rows only]]
2026-06-22T22:27:11.839+02:00  WARN 6764 --- [Pair] [nio-8090-exec-4] org.hibernate.orm.jdbc.error             : HHH000247: ErrorCode: 0, SQLState: 42P01
2026-06-22T22:27:11.839+02:00  WARN 6764 --- [Pair] [nio-8090-exec-4] org.hibernate.orm.jdbc.error             : ERROR: relation "activities" does not exist
  Position: 106
2026-06-22T22:27:11.841+02:00 ERROR 6764 --- [Pair] [nio-8090-exec-4] o.p.p.s.e.GlobalExceptionHandler         : Erreur non gérée

org.springframework.dao.InvalidDataAccessResourceUsageException: JDBC exception executing SQL [ERROR: relation "activities" does not exist
  Position: 106] [select a1_0.id,a1_0.category_id,a1_0.created_at,a1_0.description,a1_0.name,a1_0.parent_id,a1_0.slug from activities a1_0 where a1_0.category_id=? fetch first ? rows only]; SQL [select a1_0.id,a1_0.category_id,a1_0.created_at,a1_0.description,a1_0.name,a1_0.parent_id,a1_0.slug from activities a1_0 where a1_0.category_id=? fetch first ? rows only]
	at org.springframework.orm.jpa.hibernate.HibernateExceptionTranslator.convertHibernateAccessException(HibernateExceptionTranslator.java:156) ~[spring-orm-7.0.8.jar:7.0.8]
	at org.springframework.orm.jpa.hibernate.HibernateExceptionTranslator.convertHibernateAccessException(HibernateExceptionTranslator.java:131) ~[spring-orm-7.0.8.jar:7.0.8]
	at org.springframework.orm.jpa.hibernate.HibernateExceptionTranslator.translateExceptionIfPossible(HibernateExceptionTranslator.java:105) ~[spring-orm-7.0.8.jar:7.0.8]
	at org.springframework.orm.jpa.vendor.HibernateJpaDialect.translateExceptionIfPossible(HibernateJpaDialect.java:223) ~[spring-orm-7.0.8.jar:7.0.8]
	at org.springframework.orm.jpa.AbstractEntityManagerFactoryBean.translateExceptionIfPossible(AbstractEntityManagerFactoryBean.java:577) ~[spring-orm-7.0.8.jar:7.0.8]
	at org.springframework.dao.support.ChainedPersistenceExceptionTranslator.translateExceptionIfPossible(ChainedPersistenceExceptionTranslator.java:61) ~[spring-tx-7.0.8.jar:7.0.8]
	at org.springframework.dao.support.DataAccessUtils.translateIfNecessary(DataAccessUtils.java:346) ~[spring-tx-7.0.8.jar:7.0.8]
	at org.springframework.dao.support.PersistenceExceptionTranslationInterceptor.invoke(PersistenceExceptionTranslationInterceptor.java:157) ~[spring-tx-7.0.8.jar:7.0.8]
	at org.springframework.aop.framework.ReflectiveMethodInvocation.proceed(ReflectiveMethodInvocation.java:179) ~[spring-aop-7.0.8.jar:7.0.8]
	at org.springframework.data.jpa.repository.support.CrudMethodMetadataPostProcessor$CrudMethodMetadataPopulatingMethodInterceptor.invoke(CrudMethodMetadataPostProcessor.java:137) ~[spring-data-jpa-4.1.0.jar:4.1.0]
	at org.springframework.aop.framework.ReflectiveMethodInvocation.proceed(ReflectiveMethodInvocation.java:179) ~[spring-aop-7.0.8.jar:7.0.8]
	at org.springframework.aop.framework.JdkDynamicAopProxy.invoke(JdkDynamicAopProxy.java:222) ~[spring-aop-7.0.8.jar:7.0.8]
	at jdk.proxy4/jdk.proxy4.$Proxy173.findByCategoryId(Unknown Source) ~[na:na]
	at org.program.pair.domain.activity.ActivityService.searchActivities(ActivityService.java:46) ~[classes/:na]
	at java.base/jdk.internal.reflect.DirectMethodHandleAccessor.invoke(DirectMethodHandleAccessor.java:103) ~[na:na]
	at java.base/java.lang.reflect.Method.invoke(Method.java:580) ~[na:na]
	at org.springframework.aop.support.AopUtils.invokeJoinpointUsingReflection(AopUtils.java:359) ~[spring-aop-7.0.8.jar:7.0.8]
	at org.springframework.aop.framework.ReflectiveMethodInvocation.invokeJoinpoint(ReflectiveMethodInvocation.java:190) ~[spring-aop-7.0.8.jar:7.0.8]
	at org.springframework.aop.framework.ReflectiveMethodInvocation.proceed(ReflectiveMethodInvocation.java:158) ~[spring-aop-7.0.8.jar:7.0.8]
	at org.springframework.transaction.interceptor.TransactionInterceptor$1.proceedWithInvocation(TransactionInterceptor.java:133) ~[spring-tx-7.0.8.jar:7.0.8]
	at org.springframework.transaction.interceptor.TransactionAspectSupport.invokeWithinTransaction(TransactionAspectSupport.java:371) ~[spring-tx-7.0.8.jar:7.0.8]
	at org.springframework.transaction.interceptor.TransactionInterceptor.invoke(TransactionInterceptor.java:130) ~[spring-tx-7.0.8.jar:7.0.8]
	at org.springframework.aop.framework.ReflectiveMethodInvocation.proceed(ReflectiveMethodInvocation.java:179) ~[spring-aop-7.0.8.jar:7.0.8]
	at org.springframework.aop.framework.CglibAopProxy$DynamicAdvisedInterceptor.intercept(CglibAopProxy.java:719) ~[spring-aop-7.0.8.jar:7.0.8]
	at org.program.pair.domain.activity.ActivityService$$SpringCGLIB$$0.searchActivities(<generated>) ~[classes/:na]
	at org.program.pair.domain.activity.ActivityController.searchActivities(ActivityController.java:36) ~[classes/:na]
	at java.base/jdk.internal.reflect.DirectMethodHandleAccessor.invoke(DirectMethodHandleAccessor.java:103) ~[na:na]
	at java.base/java.lang.reflect.Method.invoke(Method.java:580) ~[na:na]
	at org.springframework.aop.support.AopUtils.invokeJoinpointUsingReflection(AopUtils.java:359) ~[spring-aop-7.0.8.jar:7.0.8]
	at org.springframework.aop.framework.ReflectiveMethodInvocation.invokeJoinpoint(ReflectiveMethodInvocation.java:190) ~[spring-aop-7.0.8.jar:7.0.8]
	at org.springframework.aop.framework.ReflectiveMethodInvocation.proceed(ReflectiveMethodInvocation.java:158) ~[spring-aop-7.0.8.jar:7.0.8]
	at org.springframework.validation.beanvalidation.MethodValidationInterceptor.invoke(MethodValidationInterceptor.java:172) ~[spring-context-7.0.8.jar:7.0.8]
	at org.springframework.aop.framework.ReflectiveMethodInvocation.proceed(ReflectiveMethodInvocation.java:179) ~[spring-aop-7.0.8.jar:7.0.8]
	at org.springframework.aop.framework.CglibAopProxy$DynamicAdvisedInterceptor.intercept(CglibAopProxy.java:719) ~[spring-aop-7.0.8.jar:7.0.8]
	at org.program.pair.domain.activity.ActivityController$$SpringCGLIB$$0.searchActivities(<generated>) ~[classes/:na]
	at java.base/jdk.internal.reflect.DirectMethodHandleAccessor.invoke(DirectMethodHandleAccessor.java:103) ~[na:na]
	at java.base/java.lang.reflect.Method.invoke(Method.java:580) ~[na:na]
	at org.springframework.web.method.support.InvocableHandlerMethod.doInvoke(InvocableHandlerMethod.java:252) ~[spring-web-7.0.8.jar:7.0.8]
	at org.springframework.web.method.support.InvocableHandlerMethod.invokeForRequest(InvocableHandlerMethod.java:184) ~[spring-web-7.0.8.jar:7.0.8]
	at org.springframework.web.servlet.mvc.method.annotation.ServletInvocableHandlerMethod.invokeAndHandle(ServletInvocableHandlerMethod.java:117) ~[spring-webmvc-7.0.8.jar:7.0.8]
	at org.springframework.web.servlet.mvc.method.annotation.RequestMappingHandlerAdapter.invokeHandlerMethod(RequestMappingHandlerAdapter.java:934) ~[spring-webmvc-7.0.8.jar:7.0.8]
	at org.springframework.web.servlet.mvc.method.annotation.RequestMappingHandlerAdapter.handleInternal(RequestMappingHandlerAdapter.java:853) ~[spring-webmvc-7.0.8.jar:7.0.8]
	at org.springframework.web.servlet.mvc.method.AbstractHandlerMethodAdapter.handle(AbstractHandlerMethodAdapter.java:86) ~[spring-webmvc-7.0.8.jar:7.0.8]
	at org.springframework.web.servlet.DispatcherServlet.doDispatch(DispatcherServlet.java:963) ~[spring-webmvc-7.0.8.jar:7.0.8]
	at org.springframework.web.servlet.DispatcherServlet.doService(DispatcherServlet.java:866) ~[spring-webmvc-7.0.8.jar:7.0.8]
	at org.springframework.web.servlet.FrameworkServlet.processRequest(FrameworkServlet.java:1000) ~[spring-webmvc-7.0.8.jar:7.0.8]
	at org.springframework.web.servlet.FrameworkServlet.doGet(FrameworkServlet.java:892) ~[spring-webmvc-7.0.8.jar:7.0.8]
	at jakarta.servlet.http.HttpServlet.service(HttpServlet.java:622) ~[tomcat-embed-core-11.0.22.jar:6.1]
	at org.springframework.web.servlet.FrameworkServlet.service(FrameworkServlet.java:874) ~[spring-webmvc-7.0.8.jar:7.0.8]
	at jakarta.servlet.http.HttpServlet.service(HttpServlet.java:710) ~[tomcat-embed-core-11.0.22.jar:6.1]
	at org.apache.catalina.core.ApplicationFilterChain.doFilter(ApplicationFilterChain.java:128) ~[tomcat-embed-core-11.0.22.jar:11.0.22]
	at org.apache.tomcat.websocket.server.WsFilter.doFilter(WsFilter.java:53) ~[tomcat-embed-websocket-11.0.22.jar:11.0.22]
	at org.apache.catalina.core.ApplicationFilterChain.doFilter(ApplicationFilterChain.java:107) ~[tomcat-embed-core-11.0.22.jar:11.0.22]
	at org.springframework.web.filter.OncePerRequestFilter.doFilter(OncePerRequestFilter.java:110) ~[spring-web-7.0.8.jar:7.0.8]
	at org.apache.catalina.core.ApplicationFilterChain.doFilter(ApplicationFilterChain.java:107) ~[tomcat-embed-core-11.0.22.jar:11.0.22]
	at org.springframework.web.filter.CompositeFilter$VirtualFilterChain.doFilter(CompositeFilter.java:108) ~[spring-web-7.0.8.jar:7.0.8]
	at org.springframework.security.web.FilterChainProxy.lambda$doFilterInternal$2(FilterChainProxy.java:235) ~[spring-security-web-7.1.0.jar:7.1.0]
	at org.springframework.security.web.FilterChainProxy$VirtualFilterChain.doFilter(FilterChainProxy.java:376) ~[spring-security-web-7.1.0.jar:7.1.0]
	at org.springframework.security.web.access.intercept.AuthorizationFilter.doFilter(AuthorizationFilter.java:101) ~[spring-security-web-7.1.0.jar:7.1.0]
	at org.springframework.security.web.FilterChainProxy$VirtualFilterChain.doFilter(FilterChainProxy.java:385) ~[spring-security-web-7.1.0.jar:7.1.0]
	at org.springframework.security.web.access.ExceptionTranslationFilter.doFilter(ExceptionTranslationFilter.java:126) ~[spring-security-web-7.1.0.jar:7.1.0]
	at org.springframework.security.web.access.ExceptionTranslationFilter.doFilter(ExceptionTranslationFilter.java:120) ~[spring-security-web-7.1.0.jar:7.1.0]
	at org.springframework.security.web.FilterChainProxy$VirtualFilterChain.doFilter(FilterChainProxy.java:385) ~[spring-security-web-7.1.0.jar:7.1.0]
	at org.springframework.security.web.session.SessionManagementFilter.doFilter(SessionManagementFilter.java:132) ~[spring-security-web-7.1.0.jar:7.1.0]
	at org.springframework.security.web.session.SessionManagementFilter.doFilter(SessionManagementFilter.java:86) ~[spring-security-web-7.1.0.jar:7.1.0]
	at org.springframework.security.web.FilterChainProxy$VirtualFilterChain.doFilter(FilterChainProxy.java:385) ~[spring-security-web-7.1.0.jar:7.1.0]
	at org.springframework.security.web.authentication.AnonymousAuthenticationFilter.doFilter(AnonymousAuthenticationFilter.java:100) ~[spring-security-web-7.1.0.jar:7.1.0]
	at org.springframework.security.web.FilterChainProxy$VirtualFilterChain.doFilter(FilterChainProxy.java:385) ~[spring-security-web-7.1.0.jar:7.1.0]
	at org.springframework.security.web.servletapi.SecurityContextHolderAwareRequestFilter.doFilter(SecurityContextHolderAwareRequestFilter.java:181) ~[spring-security-web-7.1.0.jar:7.1.0]
	at org.springframework.security.web.FilterChainProxy$VirtualFilterChain.doFilter(FilterChainProxy.java:385) ~[spring-security-web-7.1.0.jar:7.1.0]
	at org.springframework.security.web.savedrequest.RequestCacheAwareFilter.doFilter(RequestCacheAwareFilter.java:63) ~[spring-security-web-7.1.0.jar:7.1.0]
	at org.springframework.security.web.FilterChainProxy$VirtualFilterChain.doFilter(FilterChainProxy.java:385) ~[spring-security-web-7.1.0.jar:7.1.0]
	at org.program.pair.shared.security.JwtAuthFilter.doFilterInternal(JwtAuthFilter.java:41) ~[classes/:na]
	at org.springframework.web.filter.OncePerRequestFilter.doFilter(OncePerRequestFilter.java:116) ~[spring-web-7.0.8.jar:7.0.8]
	at org.springframework.security.web.FilterChainProxy$VirtualFilterChain.doFilter(FilterChainProxy.java:385) ~[spring-security-web-7.1.0.jar:7.1.0]
	at org.springframework.security.web.authentication.logout.LogoutFilter.doFilter(LogoutFilter.java:110) ~[spring-security-web-7.1.0.jar:7.1.0]
	at org.springframework.security.web.authentication.logout.LogoutFilter.doFilter(LogoutFilter.java:96) ~[spring-security-web-7.1.0.jar:7.1.0]
	at org.springframework.security.web.FilterChainProxy$VirtualFilterChain.doFilter(FilterChainProxy.java:385) ~[spring-security-web-7.1.0.jar:7.1.0]
	at org.springframework.security.web.header.HeaderWriterFilter.doHeadersAfter(HeaderWriterFilter.java:90) ~[spring-security-web-7.1.0.jar:7.1.0]
	at org.springframework.security.web.header.HeaderWriterFilter.doFilterInternal(HeaderWriterFilter.java:75) ~[spring-security-web-7.1.0.jar:7.1.0]
	at org.springframework.web.filter.OncePerRequestFilter.doFilter(OncePerRequestFilter.java:116) ~[spring-web-7.0.8.jar:7.0.8]
	at org.springframework.security.web.FilterChainProxy$VirtualFilterChain.doFilter(FilterChainProxy.java:385) ~[spring-security-web-7.1.0.jar:7.1.0]
	at org.springframework.security.web.context.SecurityContextHolderFilter.doFilter(SecurityContextHolderFilter.java:82) ~[spring-security-web-7.1.0.jar:7.1.0]
	at org.springframework.security.web.context.SecurityContextHolderFilter.doFilter(SecurityContextHolderFilter.java:69) ~[spring-security-web-7.1.0.jar:7.1.0]
	at org.springframework.security.web.FilterChainProxy$VirtualFilterChain.doFilter(FilterChainProxy.java:385) ~[spring-security-web-7.1.0.jar:7.1.0]
	at org.springframework.security.web.context.request.async.WebAsyncManagerIntegrationFilter.doFilterInternal(WebAsyncManagerIntegrationFilter.java:62) ~[spring-security-web-7.1.0.jar:7.1.0]
	at org.springframework.web.filter.OncePerRequestFilter.doFilter(OncePerRequestFilter.java:116) ~[spring-web-7.0.8.jar:7.0.8]
	at org.springframework.security.web.FilterChainProxy$VirtualFilterChain.doFilter(FilterChainProxy.java:385) ~[spring-security-web-7.1.0.jar:7.1.0]
	at org.springframework.security.web.session.DisableEncodeUrlFilter.doFilterInternal(DisableEncodeUrlFilter.java:42) ~[spring-security-web-7.1.0.jar:7.1.0]
	at org.springframework.web.filter.OncePerRequestFilter.doFilter(OncePerRequestFilter.java:116) ~[spring-web-7.0.8.jar:7.0.8]
	at org.springframework.security.web.FilterChainProxy$VirtualFilterChain.doFilter(FilterChainProxy.java:385) ~[spring-security-web-7.1.0.jar:7.1.0]
	at org.springframework.security.web.FilterChainProxy.doFilterInternal(FilterChainProxy.java:237) ~[spring-security-web-7.1.0.jar:7.1.0]
	at org.springframework.security.web.FilterChainProxy.doFilter(FilterChainProxy.java:195) ~[spring-security-web-7.1.0.jar:7.1.0]
	at org.springframework.web.filter.CompositeFilter$VirtualFilterChain.doFilter(CompositeFilter.java:113) ~[spring-web-7.0.8.jar:7.0.8]
	at org.springframework.web.filter.ServletRequestPathFilter.doFilter(ServletRequestPathFilter.java:52) ~[spring-web-7.0.8.jar:7.0.8]
	at org.springframework.web.filter.CompositeFilter$VirtualFilterChain.doFilter(CompositeFilter.java:113) ~[spring-web-7.0.8.jar:7.0.8]
	at org.springframework.web.filter.CompositeFilter.doFilter(CompositeFilter.java:74) ~[spring-web-7.0.8.jar:7.0.8]
	at org.springframework.security.config.annotation.web.configuration.WebSecurityConfiguration$CompositeFilterChainProxy.doFilter(WebSecurityConfiguration.java:317) ~[spring-security-config-7.1.0.jar:7.1.0]
	at org.springframework.web.filter.DelegatingFilterProxy.invokeDelegate(DelegatingFilterProxy.java:355) ~[spring-web-7.0.8.jar:7.0.8]
	at org.springframework.web.filter.DelegatingFilterProxy.doFilter(DelegatingFilterProxy.java:272) ~[spring-web-7.0.8.jar:7.0.8]
	at org.apache.catalina.core.ApplicationFilterChain.doFilter(ApplicationFilterChain.java:107) ~[tomcat-embed-core-11.0.22.jar:11.0.22]
	at org.springframework.web.filter.RequestContextFilter.doFilterInternal(RequestContextFilter.java:100) ~[spring-web-7.0.8.jar:7.0.8]
	at org.springframework.web.filter.OncePerRequestFilter.doFilter(OncePerRequestFilter.java:116) ~[spring-web-7.0.8.jar:7.0.8]
	at org.apache.catalina.core.ApplicationFilterChain.doFilter(ApplicationFilterChain.java:107) ~[tomcat-embed-core-11.0.22.jar:11.0.22]
	at org.springframework.web.filter.FormContentFilter.doFilterInternal(FormContentFilter.java:93) ~[spring-web-7.0.8.jar:7.0.8]
	at org.springframework.web.filter.OncePerRequestFilter.doFilter(OncePerRequestFilter.java:116) ~[spring-web-7.0.8.jar:7.0.8]
	at org.apache.catalina.core.ApplicationFilterChain.doFilter(ApplicationFilterChain.java:107) ~[tomcat-embed-core-11.0.22.jar:11.0.22]
	at org.springframework.web.filter.CharacterEncodingFilter.doFilterInternal(CharacterEncodingFilter.java:199) ~[spring-web-7.0.8.jar:7.0.8]
	at org.springframework.web.filter.OncePerRequestFilter.doFilter(OncePerRequestFilter.java:116) ~[spring-web-7.0.8.jar:7.0.8]
	at org.apache.catalina.core.ApplicationFilterChain.doFilter(ApplicationFilterChain.java:107) ~[tomcat-embed-core-11.0.22.jar:11.0.22]
	at org.apache.catalina.core.StandardWrapperValve.invoke(StandardWrapperValve.java:165) ~[tomcat-embed-core-11.0.22.jar:11.0.22]
	at org.apache.catalina.core.StandardContextValve.invoke(StandardContextValve.java:77) ~[tomcat-embed-core-11.0.22.jar:11.0.22]
	at org.apache.catalina.authenticator.AuthenticatorBase.invoke(AuthenticatorBase.java:492) ~[tomcat-embed-core-11.0.22.jar:11.0.22]
	at org.apache.catalina.core.StandardHostValve.invoke(StandardHostValve.java:113) ~[tomcat-embed-core-11.0.22.jar:11.0.22]
	at org.apache.catalina.valves.ErrorReportValve.invoke(ErrorReportValve.java:83) ~[tomcat-embed-core-11.0.22.jar:11.0.22]
	at org.apache.catalina.core.StandardEngineValve.invoke(StandardEngineValve.java:72) ~[tomcat-embed-core-11.0.22.jar:11.0.22]
	at org.apache.catalina.connector.CoyoteAdapter.service(CoyoteAdapter.java:341) ~[tomcat-embed-core-11.0.22.jar:11.0.22]
	at org.apache.coyote.http11.Http11Processor.service(Http11Processor.java:397) ~[tomcat-embed-core-11.0.22.jar:11.0.22]
	at org.apache.coyote.AbstractProcessorLight.process(AbstractProcessorLight.java:63) ~[tomcat-embed-core-11.0.22.jar:11.0.22]
	at org.apache.coyote.AbstractProtocol$ConnectionHandler.process(AbstractProtocol.java:1272) ~[tomcat-embed-core-11.0.22.jar:11.0.22]
	at org.apache.tomcat.util.net.NioEndpoint$SocketProcessor.doRun(NioEndpoint.java:1801) ~[tomcat-embed-core-11.0.22.jar:11.0.22]
	at org.apache.tomcat.util.net.SocketProcessorBase.run(SocketProcessorBase.java:52) ~[tomcat-embed-core-11.0.22.jar:11.0.22]
	at org.apache.tomcat.util.threads.ThreadPoolExecutor.runWorker(ThreadPoolExecutor.java:946) ~[tomcat-embed-core-11.0.22.jar:11.0.22]
	at org.apache.tomcat.util.threads.ThreadPoolExecutor$Worker.run(ThreadPoolExecutor.java:480) ~[tomcat-embed-core-11.0.22.jar:11.0.22]
	at org.apache.tomcat.util.threads.TaskThread$WrappingRunnable.run(TaskThread.java:57) ~[tomcat-embed-core-11.0.22.jar:11.0.22]
	at java.base/java.lang.Thread.run(Thread.java:1583) ~[na:na]
Caused by: org.hibernate.exception.SQLGrammarException: JDBC exception executing SQL [ERROR: relation "activities" does not exist
  Position: 106] [select a1_0.id,a1_0.category_id,a1_0.created_at,a1_0.description,a1_0.name,a1_0.parent_id,a1_0.slug from activities a1_0 where a1_0.category_id=? fetch first ? rows only]
	at org.hibernate.exception.internal.SQLStateConversionDelegate.convert(SQLStateConversionDelegate.java:63) ~[hibernate-core-7.4.1.Final.jar:7.4.1.Final]
	at org.hibernate.exception.internal.StandardSQLExceptionConverter.convert(StandardSQLExceptionConverter.java:34) ~[hibernate-core-7.4.1.Final.jar:7.4.1.Final]
	at org.hibernate.engine.jdbc.spi.SqlExceptionHelper.convert(SqlExceptionHelper.java:115) ~[hibernate-core-7.4.1.Final.jar:7.4.1.Final]
	at org.hibernate.sql.results.jdbc.internal.DeferredResultSetAccess.executeQuery(DeferredResultSetAccess.java:292) ~[hibernate-core-7.4.1.Final.jar:7.4.1.Final]
	at org.hibernate.sql.results.jdbc.internal.DeferredResultSetAccess.getResultSet(DeferredResultSetAccess.java:188) ~[hibernate-core-7.4.1.Final.jar:7.4.1.Final]
	at org.hibernate.sql.results.jdbc.internal.JdbcValuesResultSetImpl.<init>(JdbcValuesResultSetImpl.java:71) ~[hibernate-core-7.4.1.Final.jar:7.4.1.Final]
	at org.hibernate.sql.exec.internal.JdbcSelectExecutorStandardImpl.resolveJdbcValues(JdbcSelectExecutorStandardImpl.java:422) ~[hibernate-core-7.4.1.Final.jar:7.4.1.Final]
	at org.hibernate.sql.exec.internal.JdbcSelectExecutorStandardImpl.resolveJdbcValuesSource(JdbcSelectExecutorStandardImpl.java:349) ~[hibernate-core-7.4.1.Final.jar:7.4.1.Final]
	at org.hibernate.sql.exec.internal.JdbcSelectExecutorStandardImpl.doExecuteQuery(JdbcSelectExecutorStandardImpl.java:143) ~[hibernate-core-7.4.1.Final.jar:7.4.1.Final]
	at org.hibernate.sql.exec.internal.JdbcSelectExecutorStandardImpl.executeQuery(JdbcSelectExecutorStandardImpl.java:100) ~[hibernate-core-7.4.1.Final.jar:7.4.1.Final]
	at org.hibernate.sql.exec.spi.JdbcSelectExecutor.executeQuery(JdbcSelectExecutor.java:63) ~[hibernate-core-7.4.1.Final.jar:7.4.1.Final]
	at org.hibernate.sql.exec.spi.JdbcSelectExecutor.list(JdbcSelectExecutor.java:137) ~[hibernate-core-7.4.1.Final.jar:7.4.1.Final]
	at org.hibernate.query.sqm.internal.ConcreteSqmSelectQueryPlan.lambda$new$1(ConcreteSqmSelectQueryPlan.java:136) ~[hibernate-core-7.4.1.Final.jar:7.4.1.Final]
	at org.hibernate.query.sqm.internal.ConcreteSqmSelectQueryPlan.withCacheableSqmInterpretation(ConcreteSqmSelectQueryPlan.java:484) ~[hibernate-core-7.4.1.Final.jar:7.4.1.Final]
	at org.hibernate.query.sqm.internal.ConcreteSqmSelectQueryPlan.performList(ConcreteSqmSelectQueryPlan.java:411) ~[hibernate-core-7.4.1.Final.jar:7.4.1.Final]
	at org.hibernate.query.sqm.internal.SqmQueryImpl.doList(SqmQueryImpl.java:379) ~[hibernate-core-7.4.1.Final.jar:7.4.1.Final]
	at org.hibernate.query.spi.AbstractSelectionQuery.list(AbstractSelectionQuery.java:153) ~[hibernate-core-7.4.1.Final.jar:7.4.1.Final]
	at org.hibernate.query.Query.getResultList(Query.java:121) ~[hibernate-core-7.4.1.Final.jar:7.4.1.Final]
	at org.springframework.data.jpa.repository.query.JpaQueryExecution$PagedExecution.doExecute(JpaQueryExecution.java:296) ~[spring-data-jpa-4.1.0.jar:4.1.0]
	at org.springframework.data.jpa.repository.query.JpaQueryExecution.execute(JpaQueryExecution.java:100) ~[spring-data-jpa-4.1.0.jar:4.1.0]
	at org.springframework.data.jpa.repository.query.AbstractJpaQuery.doExecute(AbstractJpaQuery.java:166) ~[spring-data-jpa-4.1.0.jar:4.1.0]
	at org.springframework.data.jpa.repository.query.AbstractJpaQuery.execute(AbstractJpaQuery.java:156) ~[spring-data-jpa-4.1.0.jar:4.1.0]
	at org.springframework.data.repository.core.support.RepositoryMethodInvoker.doInvoke(RepositoryMethodInvoker.java:169) ~[spring-data-commons-4.1.0.jar:4.1.0]
	at org.springframework.data.repository.core.support.RepositoryMethodInvoker.invoke(RepositoryMethodInvoker.java:158) ~[spring-data-commons-4.1.0.jar:4.1.0]
	at org.springframework.data.repository.core.support.QueryExecutorMethodInterceptor.doInvoke(QueryExecutorMethodInterceptor.java:167) ~[spring-data-commons-4.1.0.jar:4.1.0]
	at org.springframework.data.repository.core.support.QueryExecutorMethodInterceptor.invoke(QueryExecutorMethodInterceptor.java:146) ~[spring-data-commons-4.1.0.jar:4.1.0]
	at org.springframework.aop.framework.ReflectiveMethodInvocation.proceed(ReflectiveMethodInvocation.java:179) ~[spring-aop-7.0.8.jar:7.0.8]
	at org.springframework.data.projection.DefaultMethodInvokingMethodInterceptor.invoke(DefaultMethodInvokingMethodInterceptor.java:69) ~[spring-data-commons-4.1.0.jar:4.1.0]
	at org.springframework.aop.framework.ReflectiveMethodInvocation.proceed(ReflectiveMethodInvocation.java:179) ~[spring-aop-7.0.8.jar:7.0.8]
	at org.springframework.transaction.interceptor.TransactionInterceptor$1.proceedWithInvocation(TransactionInterceptor.java:133) ~[spring-tx-7.0.8.jar:7.0.8]
	at org.springframework.transaction.interceptor.TransactionAspectSupport.invokeWithinTransaction(TransactionAspectSupport.java:371) ~[spring-tx-7.0.8.jar:7.0.8]
	at org.springframework.transaction.interceptor.TransactionInterceptor.invoke(TransactionInterceptor.java:130) ~[spring-tx-7.0.8.jar:7.0.8]
	at org.springframework.aop.framework.ReflectiveMethodInvocation.proceed(ReflectiveMethodInvocation.java:179) ~[spring-aop-7.0.8.jar:7.0.8]
	at org.springframework.dao.support.PersistenceExceptionTranslationInterceptor.invoke(PersistenceExceptionTranslationInterceptor.java:135) ~[spring-tx-7.0.8.jar:7.0.8]
	... 118 common frames omitted
Caused by: org.postgresql.util.PSQLException: ERROR: relation "activities" does not exist
  Position: 106
	at org.postgresql.core.v3.QueryExecutorImpl.receiveErrorResponse(QueryExecutorImpl.java:2904) ~[postgresql-42.7.11.jar:42.7.11]
	at org.postgresql.core.v3.QueryExecutorImpl.processResults(QueryExecutorImpl.java:2589) ~[postgresql-42.7.11.jar:42.7.11]
	at org.postgresql.core.v3.QueryExecutorImpl.execute(QueryExecutorImpl.java:431) ~[postgresql-42.7.11.jar:42.7.11]
	at org.postgresql.jdbc.PgStatement.executeInternal(PgStatement.java:534) ~[postgresql-42.7.11.jar:42.7.11]
	at org.postgresql.jdbc.PgStatement.execute(PgStatement.java:437) ~[postgresql-42.7.11.jar:42.7.11]
	at org.postgresql.jdbc.PgPreparedStatement.executeWithFlags(PgPreparedStatement.java:196) ~[postgresql-42.7.11.jar:42.7.11]
	at org.postgresql.jdbc.PgPreparedStatement.executeQuery(PgPreparedStatement.java:139) ~[postgresql-42.7.11.jar:42.7.11]
	at com.zaxxer.hikari.pool.ProxyPreparedStatement.executeQuery(ProxyPreparedStatement.java:52) ~[HikariCP-7.0.2.jar:na]
	at com.zaxxer.hikari.pool.HikariProxyPreparedStatement.executeQuery(HikariProxyPreparedStatement.java) ~[HikariCP-7.0.2.jar:na]
	at org.hibernate.sql.results.jdbc.internal.DeferredResultSetAccess.executeQuery(DeferredResultSetAccess.java:269) ~[hibernate-core-7.4.1.Final.jar:7.4.1.Final]
	... 148 common frames omitted

2026-06-22T22:27:11.845+02:00  WARN 6764 --- [Pair] [nio-8090-exec-4] .m.m.a.ExceptionHandlerExceptionResolver : Resolved [org.springframework.dao.InvalidDataAccessResourceUsageException: JDBC exception executing SQL [ERROR: relation "activities" does not exist<EOL>  Position: 106] [select a1_0.id,a1_0.category_id,a1_0.created_at,a1_0.description,a1_0.name,a1_0.parent_id,a1_0.slug from activities a1_0 where a1_0.category_id=? fetch first ? rows only]; SQL [select a1_0.id,a1_0.category_id,a1_0.created_at,a1_0.description,a1_0.name,a1_0.parent_id,a1_0.slug from activities a1_0 where a1_0.category_id=? fetch first ? rows only]]
2026-06-22T22:27:46.042+02:00  WARN 6764 --- [Pair] [nio-8090-exec-6] ration$PageModule$WarningLoggingModifier : Serializing PageImpl instances as-is is not supported, meaning that there is no guarantee about the stability of the resulting JSON structure!
	For a stable JSON structure, please use Spring Data's PagedModel (globally via @EnableSpringDataWebSupport(pageSerializationMode = VIA_DTO))
	or Spring HATEOAS and Spring Data's PagedResourcesAssembler as documented in https://docs.spring.io/spring-data/commons/reference/repositories/core-extensions.html#core.web.pageables.

2026-06-22T22:28:09.137+02:00  INFO 6764 --- [Pair] [io-8090-exec-10] o.p.p.d.auth.EmailVerificationService    : Email verification token for sports-fan@test.com: 463badeb-4cd0-4fbe-abfa-13323b0c1d8c
2026-06-22T22:28:10.017+02:00 ERROR 6764 --- [Pair] [nio-8090-exec-8] o.p.p.s.e.GlobalExceptionHandler         : Erreur non gérée

org.springframework.http.converter.HttpMessageNotReadableException: JSON parse error: Cannot deserialize value of type `org.program.pair.domain.activity.ActivityFormat` from String "BOTH": not one of the values accepted for Enum class: [ANY, DUO, GROUP, SOLO]
	at org.springframework.http.converter.AbstractJacksonHttpMessageConverter.readJavaType(AbstractJacksonHttpMessageConverter.java:363) ~[spring-web-7.0.8.jar:7.0.8]
	at org.springframework.http.converter.AbstractJacksonHttpMessageConverter.read(AbstractJacksonHttpMessageConverter.java:319) ~[spring-web-7.0.8.jar:7.0.8]
	at org.springframework.web.servlet.mvc.method.annotation.AbstractMessageConverterMethodArgumentResolver.readWithMessageConverters(AbstractMessageConverterMethodArgumentResolver.java:203) ~[spring-webmvc-7.0.8.jar:7.0.8]
	at org.springframework.web.servlet.mvc.method.annotation.RequestResponseBodyMethodProcessor.readWithMessageConverters(RequestResponseBodyMethodProcessor.java:181) ~[spring-webmvc-7.0.8.jar:7.0.8]
	at org.springframework.web.servlet.mvc.method.annotation.RequestResponseBodyMethodProcessor.resolveArgument(RequestResponseBodyMethodProcessor.java:156) ~[spring-webmvc-7.0.8.jar:7.0.8]
	at org.springframework.web.method.support.HandlerMethodArgumentResolverComposite.resolveArgument(HandlerMethodArgumentResolverComposite.java:122) ~[spring-web-7.0.8.jar:7.0.8]
	at org.springframework.web.method.support.InvocableHandlerMethod.getMethodArgumentValues(InvocableHandlerMethod.java:224) ~[spring-web-7.0.8.jar:7.0.8]
	at org.springframework.web.method.support.InvocableHandlerMethod.invokeForRequest(InvocableHandlerMethod.java:174) ~[spring-web-7.0.8.jar:7.0.8]
	at org.springframework.web.servlet.mvc.method.annotation.ServletInvocableHandlerMethod.invokeAndHandle(ServletInvocableHandlerMethod.java:117) ~[spring-webmvc-7.0.8.jar:7.0.8]
	at org.springframework.web.servlet.mvc.method.annotation.RequestMappingHandlerAdapter.invokeHandlerMethod(RequestMappingHandlerAdapter.java:934) ~[spring-webmvc-7.0.8.jar:7.0.8]
	at org.springframework.web.servlet.mvc.method.annotation.RequestMappingHandlerAdapter.handleInternal(RequestMappingHandlerAdapter.java:853) ~[spring-webmvc-7.0.8.jar:7.0.8]
	at org.springframework.web.servlet.mvc.method.AbstractHandlerMethodAdapter.handle(AbstractHandlerMethodAdapter.java:86) ~[spring-webmvc-7.0.8.jar:7.0.8]
	at org.springframework.web.servlet.DispatcherServlet.doDispatch(DispatcherServlet.java:963) ~[spring-webmvc-7.0.8.jar:7.0.8]
	at org.springframework.web.servlet.DispatcherServlet.doService(DispatcherServlet.java:866) ~[spring-webmvc-7.0.8.jar:7.0.8]
	at org.springframework.web.servlet.FrameworkServlet.processRequest(FrameworkServlet.java:1000) ~[spring-webmvc-7.0.8.jar:7.0.8]
	at org.springframework.web.servlet.FrameworkServlet.doPost(FrameworkServlet.java:903) ~[spring-webmvc-7.0.8.jar:7.0.8]
	at jakarta.servlet.http.HttpServlet.service(HttpServlet.java:649) ~[tomcat-embed-core-11.0.22.jar:6.1]
	at org.springframework.web.servlet.FrameworkServlet.service(FrameworkServlet.java:874) ~[spring-webmvc-7.0.8.jar:7.0.8]
	at jakarta.servlet.http.HttpServlet.service(HttpServlet.java:710) ~[tomcat-embed-core-11.0.22.jar:6.1]
	at org.apache.catalina.core.ApplicationFilterChain.doFilter(ApplicationFilterChain.java:128) ~[tomcat-embed-core-11.0.22.jar:11.0.22]
	at org.apache.tomcat.websocket.server.WsFilter.doFilter(WsFilter.java:53) ~[tomcat-embed-websocket-11.0.22.jar:11.0.22]
	at org.apache.catalina.core.ApplicationFilterChain.doFilter(ApplicationFilterChain.java:107) ~[tomcat-embed-core-11.0.22.jar:11.0.22]
	at org.springframework.web.filter.OncePerRequestFilter.doFilter(OncePerRequestFilter.java:110) ~[spring-web-7.0.8.jar:7.0.8]
	at org.apache.catalina.core.ApplicationFilterChain.doFilter(ApplicationFilterChain.java:107) ~[tomcat-embed-core-11.0.22.jar:11.0.22]
	at org.springframework.web.filter.CompositeFilter$VirtualFilterChain.doFilter(CompositeFilter.java:108) ~[spring-web-7.0.8.jar:7.0.8]
	at org.springframework.security.web.FilterChainProxy.lambda$doFilterInternal$2(FilterChainProxy.java:235) ~[spring-security-web-7.1.0.jar:7.1.0]
	at org.springframework.security.web.FilterChainProxy$VirtualFilterChain.doFilter(FilterChainProxy.java:376) ~[spring-security-web-7.1.0.jar:7.1.0]
	at org.springframework.security.web.access.intercept.AuthorizationFilter.doFilter(AuthorizationFilter.java:101) ~[spring-security-web-7.1.0.jar:7.1.0]
	at org.springframework.security.web.FilterChainProxy$VirtualFilterChain.doFilter(FilterChainProxy.java:385) ~[spring-security-web-7.1.0.jar:7.1.0]
	at org.springframework.security.web.access.ExceptionTranslationFilter.doFilter(ExceptionTranslationFilter.java:126) ~[spring-security-web-7.1.0.jar:7.1.0]
	at org.springframework.security.web.access.ExceptionTranslationFilter.doFilter(ExceptionTranslationFilter.java:120) ~[spring-security-web-7.1.0.jar:7.1.0]
	at org.springframework.security.web.FilterChainProxy$VirtualFilterChain.doFilter(FilterChainProxy.java:385) ~[spring-security-web-7.1.0.jar:7.1.0]
	at org.springframework.security.web.session.SessionManagementFilter.doFilter(SessionManagementFilter.java:132) ~[spring-security-web-7.1.0.jar:7.1.0]
	at org.springframework.security.web.session.SessionManagementFilter.doFilter(SessionManagementFilter.java:86) ~[spring-security-web-7.1.0.jar:7.1.0]
	at org.springframework.security.web.FilterChainProxy$VirtualFilterChain.doFilter(FilterChainProxy.java:385) ~[spring-security-web-7.1.0.jar:7.1.0]
	at org.springframework.security.web.authentication.AnonymousAuthenticationFilter.doFilter(AnonymousAuthenticationFilter.java:100) ~[spring-security-web-7.1.0.jar:7.1.0]
	at org.springframework.security.web.FilterChainProxy$VirtualFilterChain.doFilter(FilterChainProxy.java:385) ~[spring-security-web-7.1.0.jar:7.1.0]
	at org.springframework.security.web.servletapi.SecurityContextHolderAwareRequestFilter.doFilter(SecurityContextHolderAwareRequestFilter.java:181) ~[spring-security-web-7.1.0.jar:7.1.0]
	at org.springframework.security.web.FilterChainProxy$VirtualFilterChain.doFilter(FilterChainProxy.java:385) ~[spring-security-web-7.1.0.jar:7.1.0]
	at org.springframework.security.web.savedrequest.RequestCacheAwareFilter.doFilter(RequestCacheAwareFilter.java:63) ~[spring-security-web-7.1.0.jar:7.1.0]
	at org.springframework.security.web.FilterChainProxy$VirtualFilterChain.doFilter(FilterChainProxy.java:385) ~[spring-security-web-7.1.0.jar:7.1.0]
	at org.program.pair.shared.security.JwtAuthFilter.doFilterInternal(JwtAuthFilter.java:41) ~[classes/:na]
	at org.springframework.web.filter.OncePerRequestFilter.doFilter(OncePerRequestFilter.java:116) ~[spring-web-7.0.8.jar:7.0.8]
	at org.springframework.security.web.FilterChainProxy$VirtualFilterChain.doFilter(FilterChainProxy.java:385) ~[spring-security-web-7.1.0.jar:7.1.0]
	at org.springframework.security.web.authentication.logout.LogoutFilter.doFilter(LogoutFilter.java:110) ~[spring-security-web-7.1.0.jar:7.1.0]
	at org.springframework.security.web.authentication.logout.LogoutFilter.doFilter(LogoutFilter.java:96) ~[spring-security-web-7.1.0.jar:7.1.0]
	at org.springframework.security.web.FilterChainProxy$VirtualFilterChain.doFilter(FilterChainProxy.java:385) ~[spring-security-web-7.1.0.jar:7.1.0]
	at org.springframework.security.web.header.HeaderWriterFilter.doHeadersAfter(HeaderWriterFilter.java:90) ~[spring-security-web-7.1.0.jar:7.1.0]
	at org.springframework.security.web.header.HeaderWriterFilter.doFilterInternal(HeaderWriterFilter.java:75) ~[spring-security-web-7.1.0.jar:7.1.0]
	at org.springframework.web.filter.OncePerRequestFilter.doFilter(OncePerRequestFilter.java:116) ~[spring-web-7.0.8.jar:7.0.8]
	at org.springframework.security.web.FilterChainProxy$VirtualFilterChain.doFilter(FilterChainProxy.java:385) ~[spring-security-web-7.1.0.jar:7.1.0]
	at org.springframework.security.web.context.SecurityContextHolderFilter.doFilter(SecurityContextHolderFilter.java:82) ~[spring-security-web-7.1.0.jar:7.1.0]
	at org.springframework.security.web.context.SecurityContextHolderFilter.doFilter(SecurityContextHolderFilter.java:69) ~[spring-security-web-7.1.0.jar:7.1.0]
	at org.springframework.security.web.FilterChainProxy$VirtualFilterChain.doFilter(FilterChainProxy.java:385) ~[spring-security-web-7.1.0.jar:7.1.0]
	at org.springframework.security.web.context.request.async.WebAsyncManagerIntegrationFilter.doFilterInternal(WebAsyncManagerIntegrationFilter.java:62) ~[spring-security-web-7.1.0.jar:7.1.0]
	at org.springframework.web.filter.OncePerRequestFilter.doFilter(OncePerRequestFilter.java:116) ~[spring-web-7.0.8.jar:7.0.8]
	at org.springframework.security.web.FilterChainProxy$VirtualFilterChain.doFilter(FilterChainProxy.java:385) ~[spring-security-web-7.1.0.jar:7.1.0]
	at org.springframework.security.web.session.DisableEncodeUrlFilter.doFilterInternal(DisableEncodeUrlFilter.java:42) ~[spring-security-web-7.1.0.jar:7.1.0]
	at org.springframework.web.filter.OncePerRequestFilter.doFilter(OncePerRequestFilter.java:116) ~[spring-web-7.0.8.jar:7.0.8]
	at org.springframework.security.web.FilterChainProxy$VirtualFilterChain.doFilter(FilterChainProxy.java:385) ~[spring-security-web-7.1.0.jar:7.1.0]
	at org.springframework.security.web.FilterChainProxy.doFilterInternal(FilterChainProxy.java:237) ~[spring-security-web-7.1.0.jar:7.1.0]
	at org.springframework.security.web.FilterChainProxy.doFilter(FilterChainProxy.java:195) ~[spring-security-web-7.1.0.jar:7.1.0]
	at org.springframework.web.filter.CompositeFilter$VirtualFilterChain.doFilter(CompositeFilter.java:113) ~[spring-web-7.0.8.jar:7.0.8]
	at org.springframework.web.filter.ServletRequestPathFilter.doFilter(ServletRequestPathFilter.java:52) ~[spring-web-7.0.8.jar:7.0.8]
	at org.springframework.web.filter.CompositeFilter$VirtualFilterChain.doFilter(CompositeFilter.java:113) ~[spring-web-7.0.8.jar:7.0.8]
	at org.springframework.web.filter.CompositeFilter.doFilter(CompositeFilter.java:74) ~[spring-web-7.0.8.jar:7.0.8]
	at org.springframework.security.config.annotation.web.configuration.WebSecurityConfiguration$CompositeFilterChainProxy.doFilter(WebSecurityConfiguration.java:317) ~[spring-security-config-7.1.0.jar:7.1.0]
	at org.springframework.web.filter.DelegatingFilterProxy.invokeDelegate(DelegatingFilterProxy.java:355) ~[spring-web-7.0.8.jar:7.0.8]
	at org.springframework.web.filter.DelegatingFilterProxy.doFilter(DelegatingFilterProxy.java:272) ~[spring-web-7.0.8.jar:7.0.8]
	at org.apache.catalina.core.ApplicationFilterChain.doFilter(ApplicationFilterChain.java:107) ~[tomcat-embed-core-11.0.22.jar:11.0.22]
	at org.springframework.web.filter.RequestContextFilter.doFilterInternal(RequestContextFilter.java:100) ~[spring-web-7.0.8.jar:7.0.8]
	at org.springframework.web.filter.OncePerRequestFilter.doFilter(OncePerRequestFilter.java:116) ~[spring-web-7.0.8.jar:7.0.8]
	at org.apache.catalina.core.ApplicationFilterChain.doFilter(ApplicationFilterChain.java:107) ~[tomcat-embed-core-11.0.22.jar:11.0.22]
	at org.springframework.web.filter.FormContentFilter.doFilterInternal(FormContentFilter.java:93) ~[spring-web-7.0.8.jar:7.0.8]
	at org.springframework.web.filter.OncePerRequestFilter.doFilter(OncePerRequestFilter.java:116) ~[spring-web-7.0.8.jar:7.0.8]
	at org.apache.catalina.core.ApplicationFilterChain.doFilter(ApplicationFilterChain.java:107) ~[tomcat-embed-core-11.0.22.jar:11.0.22]
	at org.springframework.web.filter.CharacterEncodingFilter.doFilterInternal(CharacterEncodingFilter.java:199) ~[spring-web-7.0.8.jar:7.0.8]
	at org.springframework.web.filter.OncePerRequestFilter.doFilter(OncePerRequestFilter.java:116) ~[spring-web-7.0.8.jar:7.0.8]
	at org.apache.catalina.core.ApplicationFilterChain.doFilter(ApplicationFilterChain.java:107) ~[tomcat-embed-core-11.0.22.jar:11.0.22]
	at org.apache.catalina.core.StandardWrapperValve.invoke(StandardWrapperValve.java:165) ~[tomcat-embed-core-11.0.22.jar:11.0.22]
	at org.apache.catalina.core.StandardContextValve.invoke(StandardContextValve.java:77) ~[tomcat-embed-core-11.0.22.jar:11.0.22]
	at org.apache.catalina.authenticator.AuthenticatorBase.invoke(AuthenticatorBase.java:492) ~[tomcat-embed-core-11.0.22.jar:11.0.22]
	at org.apache.catalina.core.StandardHostValve.invoke(StandardHostValve.java:113) ~[tomcat-embed-core-11.0.22.jar:11.0.22]
	at org.apache.catalina.valves.ErrorReportValve.invoke(ErrorReportValve.java:83) ~[tomcat-embed-core-11.0.22.jar:11.0.22]
	at org.apache.catalina.core.StandardEngineValve.invoke(StandardEngineValve.java:72) ~[tomcat-embed-core-11.0.22.jar:11.0.22]
	at org.apache.catalina.connector.CoyoteAdapter.service(CoyoteAdapter.java:341) ~[tomcat-embed-core-11.0.22.jar:11.0.22]
	at org.apache.coyote.http11.Http11Processor.service(Http11Processor.java:397) ~[tomcat-embed-core-11.0.22.jar:11.0.22]
	at org.apache.coyote.AbstractProcessorLight.process(AbstractProcessorLight.java:63) ~[tomcat-embed-core-11.0.22.jar:11.0.22]
	at org.apache.coyote.AbstractProtocol$ConnectionHandler.process(AbstractProtocol.java:1272) ~[tomcat-embed-core-11.0.22.jar:11.0.22]
	at org.apache.tomcat.util.net.NioEndpoint$SocketProcessor.doRun(NioEndpoint.java:1801) ~[tomcat-embed-core-11.0.22.jar:11.0.22]
	at org.apache.tomcat.util.net.SocketProcessorBase.run(SocketProcessorBase.java:52) ~[tomcat-embed-core-11.0.22.jar:11.0.22]
	at org.apache.tomcat.util.threads.ThreadPoolExecutor.runWorker(ThreadPoolExecutor.java:946) ~[tomcat-embed-core-11.0.22.jar:11.0.22]
	at org.apache.tomcat.util.threads.ThreadPoolExecutor$Worker.run(ThreadPoolExecutor.java:480) ~[tomcat-embed-core-11.0.22.jar:11.0.22]
	at org.apache.tomcat.util.threads.TaskThread$WrappingRunnable.run(TaskThread.java:57) ~[tomcat-embed-core-11.0.22.jar:11.0.22]
	at java.base/java.lang.Thread.run(Thread.java:1583) ~[na:na]
Caused by: tools.jackson.databind.exc.InvalidFormatException: Cannot deserialize value of type `org.program.pair.domain.activity.ActivityFormat` from String "BOTH": not one of the values accepted for Enum class: [ANY, DUO, GROUP, SOLO]
 at [Source: REDACTED (`StreamReadFeature.INCLUDE_SOURCE_IN_LOCATION` disabled); byte offset: #200] (through reference chain: org.program.pair.domain.activity.dto.UpsertUserActivityRequest["format"])
	at tools.jackson.databind.exc.InvalidFormatException.from(InvalidFormatException.java:37) ~[jackson-databind-3.1.4.jar:3.1.4]
	at tools.jackson.databind.DeserializationContext.weirdStringException(DeserializationContext.java:2063) ~[jackson-databind-3.1.4.jar:3.1.4]
	at tools.jackson.databind.DeserializationContext.handleWeirdStringValue(DeserializationContext.java:1354) ~[jackson-databind-3.1.4.jar:3.1.4]
	at tools.jackson.databind.deser.jdk.EnumDeserializer._deserializeAltString(EnumDeserializer.java:371) ~[jackson-databind-3.1.4.jar:3.1.4]
	at tools.jackson.databind.deser.jdk.EnumDeserializer._fromString(EnumDeserializer.java:230) ~[jackson-databind-3.1.4.jar:3.1.4]
	at tools.jackson.databind.deser.jdk.EnumDeserializer.deserialize(EnumDeserializer.java:195) ~[jackson-databind-3.1.4.jar:3.1.4]
	at tools.jackson.databind.deser.SettableBeanProperty.deserialize(SettableBeanProperty.java:569) ~[jackson-databind-3.1.4.jar:3.1.4]
	at tools.jackson.databind.deser.bean.BeanDeserializer._deserializeWithErrorWrapping(BeanDeserializer.java:879) ~[jackson-databind-3.1.4.jar:3.1.4]
	at tools.jackson.databind.deser.bean.BeanDeserializer._deserializeUsingPropertyBased(BeanDeserializer.java:730) ~[jackson-databind-3.1.4.jar:3.1.4]
	at tools.jackson.databind.deser.bean.BeanDeserializerBase.deserializeFromObjectUsingNonDefault(BeanDeserializerBase.java:1509) ~[jackson-databind-3.1.4.jar:3.1.4]
	at tools.jackson.databind.deser.bean.BeanDeserializer.deserializeFromObject(BeanDeserializer.java:605) ~[jackson-databind-3.1.4.jar:3.1.4]
	at tools.jackson.databind.deser.bean.BeanDeserializer.deserialize(BeanDeserializer.java:200) ~[jackson-databind-3.1.4.jar:3.1.4]
	at tools.jackson.databind.deser.DeserializationContextExt.readRootValue(DeserializationContextExt.java:266) ~[jackson-databind-3.1.4.jar:3.1.4]
	at tools.jackson.databind.ObjectReader._bindAndClose(ObjectReader.java:1888) ~[jackson-databind-3.1.4.jar:3.1.4]
	at tools.jackson.databind.ObjectReader.readValue(ObjectReader.java:1270) ~[jackson-databind-3.1.4.jar:3.1.4]
	at org.springframework.http.converter.AbstractJacksonHttpMessageConverter.readJavaType(AbstractJacksonHttpMessageConverter.java:352) ~[spring-web-7.0.8.jar:7.0.8]
	... 94 common frames omitted

2026-06-22T22:28:10.019+02:00  WARN 6764 --- [Pair] [nio-8090-exec-8] .m.m.a.ExceptionHandlerExceptionResolver : Resolved [org.springframework.http.converter.HttpMessageNotReadableException: JSON parse error: Cannot deserialize value of type `org.program.pair.domain.activity.ActivityFormat` from String "BOTH": not one of the values accepted for Enum class: [ANY, DUO, GROUP, SOLO]]
2026-06-22T22:28:10.198+02:00  WARN 6764 --- [Pair] [nio-8090-exec-9] org.hibernate.orm.jdbc.error             : HHH000247: ErrorCode: 0, SQLState: 42P01
2026-06-22T22:28:10.198+02:00  WARN 6764 --- [Pair] [nio-8090-exec-9] org.hibernate.orm.jdbc.error             : ERROR: relation "programs" does not exist
  Position: 162
2026-06-22T22:28:10.200+02:00 ERROR 6764 --- [Pair] [nio-8090-exec-9] o.p.p.s.e.GlobalExceptionHandler         : Erreur non gérée

org.springframework.dao.InvalidDataAccessResourceUsageException: JDBC exception executing SQL [ERROR: relation "programs" does not exist
  Position: 162] [select p1_0.id,p1_0.archived_at,p1_0.created_at,p1_0.description,p1_0.embedding,p1_0.is_public,p1_0.status,p1_0.title,p1_0.updated_at,p1_0.user_activity_id from programs p1_0 where p1_0.user_activity_id=?]; SQL [select p1_0.id,p1_0.archived_at,p1_0.created_at,p1_0.description,p1_0.embedding,p1_0.is_public,p1_0.status,p1_0.title,p1_0.updated_at,p1_0.user_activity_id from programs p1_0 where p1_0.user_activity_id=?]
	at org.springframework.orm.jpa.hibernate.HibernateExceptionTranslator.convertHibernateAccessException(HibernateExceptionTranslator.java:156) ~[spring-orm-7.0.8.jar:7.0.8]
	at org.springframework.orm.jpa.hibernate.HibernateExceptionTranslator.convertHibernateAccessException(HibernateExceptionTranslator.java:131) ~[spring-orm-7.0.8.jar:7.0.8]
	at org.springframework.orm.jpa.hibernate.HibernateExceptionTranslator.translateExceptionIfPossible(HibernateExceptionTranslator.java:105) ~[spring-orm-7.0.8.jar:7.0.8]
	at org.springframework.orm.jpa.vendor.HibernateJpaDialect.translateExceptionIfPossible(HibernateJpaDialect.java:223) ~[spring-orm-7.0.8.jar:7.0.8]
	at org.springframework.orm.jpa.AbstractEntityManagerFactoryBean.translateExceptionIfPossible(AbstractEntityManagerFactoryBean.java:577) ~[spring-orm-7.0.8.jar:7.0.8]
	at org.springframework.dao.support.ChainedPersistenceExceptionTranslator.translateExceptionIfPossible(ChainedPersistenceExceptionTranslator.java:61) ~[spring-tx-7.0.8.jar:7.0.8]
	at org.springframework.dao.support.DataAccessUtils.translateIfNecessary(DataAccessUtils.java:346) ~[spring-tx-7.0.8.jar:7.0.8]
	at org.springframework.dao.support.PersistenceExceptionTranslationInterceptor.invoke(PersistenceExceptionTranslationInterceptor.java:157) ~[spring-tx-7.0.8.jar:7.0.8]
	at org.springframework.aop.framework.ReflectiveMethodInvocation.proceed(ReflectiveMethodInvocation.java:179) ~[spring-aop-7.0.8.jar:7.0.8]
	at org.springframework.data.jpa.repository.support.CrudMethodMetadataPostProcessor$CrudMethodMetadataPopulatingMethodInterceptor.invoke(CrudMethodMetadataPostProcessor.java:137) ~[spring-data-jpa-4.1.0.jar:4.1.0]
	at org.springframework.aop.framework.ReflectiveMethodInvocation.proceed(ReflectiveMethodInvocation.java:179) ~[spring-aop-7.0.8.jar:7.0.8]
	at org.springframework.aop.framework.JdkDynamicAopProxy.invoke(JdkDynamicAopProxy.java:222) ~[spring-aop-7.0.8.jar:7.0.8]
	at jdk.proxy4/jdk.proxy4.$Proxy175.findByUserActivityId(Unknown Source) ~[na:na]
	at org.program.pair.domain.activity.ActivityService.toUserActivityDto(ActivityService.java:151) ~[classes/:na]
	at org.program.pair.domain.activity.ActivityService.addActivityToProfile(ActivityService.java:85) ~[classes/:na]
	at java.base/jdk.internal.reflect.DirectMethodHandleAccessor.invoke(DirectMethodHandleAccessor.java:103) ~[na:na]
	at java.base/java.lang.reflect.Method.invoke(Method.java:580) ~[na:na]
	at org.springframework.aop.support.AopUtils.invokeJoinpointUsingReflection(AopUtils.java:359) ~[spring-aop-7.0.8.jar:7.0.8]
	at org.springframework.aop.framework.ReflectiveMethodInvocation.invokeJoinpoint(ReflectiveMethodInvocation.java:190) ~[spring-aop-7.0.8.jar:7.0.8]
	at org.springframework.aop.framework.ReflectiveMethodInvocation.proceed(ReflectiveMethodInvocation.java:158) ~[spring-aop-7.0.8.jar:7.0.8]
	at org.springframework.transaction.interceptor.TransactionInterceptor$1.proceedWithInvocation(TransactionInterceptor.java:133) ~[spring-tx-7.0.8.jar:7.0.8]
	at org.springframework.transaction.interceptor.TransactionAspectSupport.invokeWithinTransaction(TransactionAspectSupport.java:371) ~[spring-tx-7.0.8.jar:7.0.8]
	at org.springframework.transaction.interceptor.TransactionInterceptor.invoke(TransactionInterceptor.java:130) ~[spring-tx-7.0.8.jar:7.0.8]
	at org.springframework.aop.framework.ReflectiveMethodInvocation.proceed(ReflectiveMethodInvocation.java:179) ~[spring-aop-7.0.8.jar:7.0.8]
	at org.springframework.aop.framework.CglibAopProxy$DynamicAdvisedInterceptor.intercept(CglibAopProxy.java:719) ~[spring-aop-7.0.8.jar:7.0.8]
	at org.program.pair.domain.activity.ActivityService$$SpringCGLIB$$0.addActivityToProfile(<generated>) ~[classes/:na]
	at org.program.pair.domain.activity.ActivityController.addActivity(ActivityController.java:51) ~[classes/:na]
	at java.base/jdk.internal.reflect.DirectMethodHandleAccessor.invoke(DirectMethodHandleAccessor.java:103) ~[na:na]
	at java.base/java.lang.reflect.Method.invoke(Method.java:580) ~[na:na]
	at org.springframework.aop.support.AopUtils.invokeJoinpointUsingReflection(AopUtils.java:359) ~[spring-aop-7.0.8.jar:7.0.8]
	at org.springframework.aop.framework.ReflectiveMethodInvocation.invokeJoinpoint(ReflectiveMethodInvocation.java:190) ~[spring-aop-7.0.8.jar:7.0.8]
	at org.springframework.aop.framework.ReflectiveMethodInvocation.proceed(ReflectiveMethodInvocation.java:158) ~[spring-aop-7.0.8.jar:7.0.8]
	at org.springframework.validation.beanvalidation.MethodValidationInterceptor.invoke(MethodValidationInterceptor.java:172) ~[spring-context-7.0.8.jar:7.0.8]
	at org.springframework.aop.framework.ReflectiveMethodInvocation.proceed(ReflectiveMethodInvocation.java:179) ~[spring-aop-7.0.8.jar:7.0.8]
	at org.springframework.aop.framework.CglibAopProxy$DynamicAdvisedInterceptor.intercept(CglibAopProxy.java:719) ~[spring-aop-7.0.8.jar:7.0.8]
	at org.program.pair.domain.activity.ActivityController$$SpringCGLIB$$0.addActivity(<generated>) ~[classes/:na]
	at java.base/jdk.internal.reflect.DirectMethodHandleAccessor.invoke(DirectMethodHandleAccessor.java:103) ~[na:na]
	at java.base/java.lang.reflect.Method.invoke(Method.java:580) ~[na:na]
	at org.springframework.web.method.support.InvocableHandlerMethod.doInvoke(InvocableHandlerMethod.java:252) ~[spring-web-7.0.8.jar:7.0.8]
	at org.springframework.web.method.support.InvocableHandlerMethod.invokeForRequest(InvocableHandlerMethod.java:184) ~[spring-web-7.0.8.jar:7.0.8]
	at org.springframework.web.servlet.mvc.method.annotation.ServletInvocableHandlerMethod.invokeAndHandle(ServletInvocableHandlerMethod.java:117) ~[spring-webmvc-7.0.8.jar:7.0.8]
	at org.springframework.web.servlet.mvc.method.annotation.RequestMappingHandlerAdapter.invokeHandlerMethod(RequestMappingHandlerAdapter.java:934) ~[spring-webmvc-7.0.8.jar:7.0.8]
	at org.springframework.web.servlet.mvc.method.annotation.RequestMappingHandlerAdapter.handleInternal(RequestMappingHandlerAdapter.java:853) ~[spring-webmvc-7.0.8.jar:7.0.8]
	at org.springframework.web.servlet.mvc.method.AbstractHandlerMethodAdapter.handle(AbstractHandlerMethodAdapter.java:86) ~[spring-webmvc-7.0.8.jar:7.0.8]
	at org.springframework.web.servlet.DispatcherServlet.doDispatch(DispatcherServlet.java:963) ~[spring-webmvc-7.0.8.jar:7.0.8]
	at org.springframework.web.servlet.DispatcherServlet.doService(DispatcherServlet.java:866) ~[spring-webmvc-7.0.8.jar:7.0.8]
	at org.springframework.web.servlet.FrameworkServlet.processRequest(FrameworkServlet.java:1000) ~[spring-webmvc-7.0.8.jar:7.0.8]
	at org.springframework.web.servlet.FrameworkServlet.doPost(FrameworkServlet.java:903) ~[spring-webmvc-7.0.8.jar:7.0.8]
	at jakarta.servlet.http.HttpServlet.service(HttpServlet.java:649) ~[tomcat-embed-core-11.0.22.jar:6.1]
	at org.springframework.web.servlet.FrameworkServlet.service(FrameworkServlet.java:874) ~[spring-webmvc-7.0.8.jar:7.0.8]
	at jakarta.servlet.http.HttpServlet.service(HttpServlet.java:710) ~[tomcat-embed-core-11.0.22.jar:6.1]
	at org.apache.catalina.core.ApplicationFilterChain.doFilter(ApplicationFilterChain.java:128) ~[tomcat-embed-core-11.0.22.jar:11.0.22]
	at org.apache.tomcat.websocket.server.WsFilter.doFilter(WsFilter.java:53) ~[tomcat-embed-websocket-11.0.22.jar:11.0.22]
	at org.apache.catalina.core.ApplicationFilterChain.doFilter(ApplicationFilterChain.java:107) ~[tomcat-embed-core-11.0.22.jar:11.0.22]
	at org.springframework.web.filter.OncePerRequestFilter.doFilter(OncePerRequestFilter.java:110) ~[spring-web-7.0.8.jar:7.0.8]
	at org.apache.catalina.core.ApplicationFilterChain.doFilter(ApplicationFilterChain.java:107) ~[tomcat-embed-core-11.0.22.jar:11.0.22]
	at org.springframework.web.filter.CompositeFilter$VirtualFilterChain.doFilter(CompositeFilter.java:108) ~[spring-web-7.0.8.jar:7.0.8]
	at org.springframework.security.web.FilterChainProxy.lambda$doFilterInternal$2(FilterChainProxy.java:235) ~[spring-security-web-7.1.0.jar:7.1.0]
	at org.springframework.security.web.FilterChainProxy$VirtualFilterChain.doFilter(FilterChainProxy.java:376) ~[spring-security-web-7.1.0.jar:7.1.0]
	at org.springframework.security.web.access.intercept.AuthorizationFilter.doFilter(AuthorizationFilter.java:101) ~[spring-security-web-7.1.0.jar:7.1.0]
	at org.springframework.security.web.FilterChainProxy$VirtualFilterChain.doFilter(FilterChainProxy.java:385) ~[spring-security-web-7.1.0.jar:7.1.0]
	at org.springframework.security.web.access.ExceptionTranslationFilter.doFilter(ExceptionTranslationFilter.java:126) ~[spring-security-web-7.1.0.jar:7.1.0]
	at org.springframework.security.web.access.ExceptionTranslationFilter.doFilter(ExceptionTranslationFilter.java:120) ~[spring-security-web-7.1.0.jar:7.1.0]
	at org.springframework.security.web.FilterChainProxy$VirtualFilterChain.doFilter(FilterChainProxy.java:385) ~[spring-security-web-7.1.0.jar:7.1.0]
	at org.springframework.security.web.session.SessionManagementFilter.doFilter(SessionManagementFilter.java:132) ~[spring-security-web-7.1.0.jar:7.1.0]
	at org.springframework.security.web.session.SessionManagementFilter.doFilter(SessionManagementFilter.java:86) ~[spring-security-web-7.1.0.jar:7.1.0]
	at org.springframework.security.web.FilterChainProxy$VirtualFilterChain.doFilter(FilterChainProxy.java:385) ~[spring-security-web-7.1.0.jar:7.1.0]
	at org.springframework.security.web.authentication.AnonymousAuthenticationFilter.doFilter(AnonymousAuthenticationFilter.java:100) ~[spring-security-web-7.1.0.jar:7.1.0]
	at org.springframework.security.web.FilterChainProxy$VirtualFilterChain.doFilter(FilterChainProxy.java:385) ~[spring-security-web-7.1.0.jar:7.1.0]
	at org.springframework.security.web.servletapi.SecurityContextHolderAwareRequestFilter.doFilter(SecurityContextHolderAwareRequestFilter.java:181) ~[spring-security-web-7.1.0.jar:7.1.0]
	at org.springframework.security.web.FilterChainProxy$VirtualFilterChain.doFilter(FilterChainProxy.java:385) ~[spring-security-web-7.1.0.jar:7.1.0]
	at org.springframework.security.web.savedrequest.RequestCacheAwareFilter.doFilter(RequestCacheAwareFilter.java:63) ~[spring-security-web-7.1.0.jar:7.1.0]
	at org.springframework.security.web.FilterChainProxy$VirtualFilterChain.doFilter(FilterChainProxy.java:385) ~[spring-security-web-7.1.0.jar:7.1.0]
	at org.program.pair.shared.security.JwtAuthFilter.doFilterInternal(JwtAuthFilter.java:41) ~[classes/:na]
	at org.springframework.web.filter.OncePerRequestFilter.doFilter(OncePerRequestFilter.java:116) ~[spring-web-7.0.8.jar:7.0.8]
	at org.springframework.security.web.FilterChainProxy$VirtualFilterChain.doFilter(FilterChainProxy.java:385) ~[spring-security-web-7.1.0.jar:7.1.0]
	at org.springframework.security.web.authentication.logout.LogoutFilter.doFilter(LogoutFilter.java:110) ~[spring-security-web-7.1.0.jar:7.1.0]
	at org.springframework.security.web.authentication.logout.LogoutFilter.doFilter(LogoutFilter.java:96) ~[spring-security-web-7.1.0.jar:7.1.0]
	at org.springframework.security.web.FilterChainProxy$VirtualFilterChain.doFilter(FilterChainProxy.java:385) ~[spring-security-web-7.1.0.jar:7.1.0]
	at org.springframework.security.web.header.HeaderWriterFilter.doHeadersAfter(HeaderWriterFilter.java:90) ~[spring-security-web-7.1.0.jar:7.1.0]
	at org.springframework.security.web.header.HeaderWriterFilter.doFilterInternal(HeaderWriterFilter.java:75) ~[spring-security-web-7.1.0.jar:7.1.0]
	at org.springframework.web.filter.OncePerRequestFilter.doFilter(OncePerRequestFilter.java:116) ~[spring-web-7.0.8.jar:7.0.8]
	at org.springframework.security.web.FilterChainProxy$VirtualFilterChain.doFilter(FilterChainProxy.java:385) ~[spring-security-web-7.1.0.jar:7.1.0]
	at org.springframework.security.web.context.SecurityContextHolderFilter.doFilter(SecurityContextHolderFilter.java:82) ~[spring-security-web-7.1.0.jar:7.1.0]
	at org.springframework.security.web.context.SecurityContextHolderFilter.doFilter(SecurityContextHolderFilter.java:69) ~[spring-security-web-7.1.0.jar:7.1.0]
	at org.springframework.security.web.FilterChainProxy$VirtualFilterChain.doFilter(FilterChainProxy.java:385) ~[spring-security-web-7.1.0.jar:7.1.0]
	at org.springframework.security.web.context.request.async.WebAsyncManagerIntegrationFilter.doFilterInternal(WebAsyncManagerIntegrationFilter.java:62) ~[spring-security-web-7.1.0.jar:7.1.0]
	at org.springframework.web.filter.OncePerRequestFilter.doFilter(OncePerRequestFilter.java:116) ~[spring-web-7.0.8.jar:7.0.8]
	at org.springframework.security.web.FilterChainProxy$VirtualFilterChain.doFilter(FilterChainProxy.java:385) ~[spring-security-web-7.1.0.jar:7.1.0]
	at org.springframework.security.web.session.DisableEncodeUrlFilter.doFilterInternal(DisableEncodeUrlFilter.java:42) ~[spring-security-web-7.1.0.jar:7.1.0]
	at org.springframework.web.filter.OncePerRequestFilter.doFilter(OncePerRequestFilter.java:116) ~[spring-web-7.0.8.jar:7.0.8]
	at org.springframework.security.web.FilterChainProxy$VirtualFilterChain.doFilter(FilterChainProxy.java:385) ~[spring-security-web-7.1.0.jar:7.1.0]
	at org.springframework.security.web.FilterChainProxy.doFilterInternal(FilterChainProxy.java:237) ~[spring-security-web-7.1.0.jar:7.1.0]
	at org.springframework.security.web.FilterChainProxy.doFilter(FilterChainProxy.java:195) ~[spring-security-web-7.1.0.jar:7.1.0]
	at org.springframework.web.filter.CompositeFilter$VirtualFilterChain.doFilter(CompositeFilter.java:113) ~[spring-web-7.0.8.jar:7.0.8]
	at org.springframework.web.filter.ServletRequestPathFilter.doFilter(ServletRequestPathFilter.java:52) ~[spring-web-7.0.8.jar:7.0.8]
	at org.springframework.web.filter.CompositeFilter$VirtualFilterChain.doFilter(CompositeFilter.java:113) ~[spring-web-7.0.8.jar:7.0.8]
	at org.springframework.web.filter.CompositeFilter.doFilter(CompositeFilter.java:74) ~[spring-web-7.0.8.jar:7.0.8]
	at org.springframework.security.config.annotation.web.configuration.WebSecurityConfiguration$CompositeFilterChainProxy.doFilter(WebSecurityConfiguration.java:317) ~[spring-security-config-7.1.0.jar:7.1.0]
	at org.springframework.web.filter.DelegatingFilterProxy.invokeDelegate(DelegatingFilterProxy.java:355) ~[spring-web-7.0.8.jar:7.0.8]
	at org.springframework.web.filter.DelegatingFilterProxy.doFilter(DelegatingFilterProxy.java:272) ~[spring-web-7.0.8.jar:7.0.8]
	at org.apache.catalina.core.ApplicationFilterChain.doFilter(ApplicationFilterChain.java:107) ~[tomcat-embed-core-11.0.22.jar:11.0.22]
	at org.springframework.web.filter.RequestContextFilter.doFilterInternal(RequestContextFilter.java:100) ~[spring-web-7.0.8.jar:7.0.8]
	at org.springframework.web.filter.OncePerRequestFilter.doFilter(OncePerRequestFilter.java:116) ~[spring-web-7.0.8.jar:7.0.8]
	at org.apache.catalina.core.ApplicationFilterChain.doFilter(ApplicationFilterChain.java:107) ~[tomcat-embed-core-11.0.22.jar:11.0.22]
	at org.springframework.web.filter.FormContentFilter.doFilterInternal(FormContentFilter.java:93) ~[spring-web-7.0.8.jar:7.0.8]
	at org.springframework.web.filter.OncePerRequestFilter.doFilter(OncePerRequestFilter.java:116) ~[spring-web-7.0.8.jar:7.0.8]
	at org.apache.catalina.core.ApplicationFilterChain.doFilter(ApplicationFilterChain.java:107) ~[tomcat-embed-core-11.0.22.jar:11.0.22]
	at org.springframework.web.filter.CharacterEncodingFilter.doFilterInternal(CharacterEncodingFilter.java:199) ~[spring-web-7.0.8.jar:7.0.8]
	at org.springframework.web.filter.OncePerRequestFilter.doFilter(OncePerRequestFilter.java:116) ~[spring-web-7.0.8.jar:7.0.8]
	at org.apache.catalina.core.ApplicationFilterChain.doFilter(ApplicationFilterChain.java:107) ~[tomcat-embed-core-11.0.22.jar:11.0.22]
	at org.apache.catalina.core.StandardWrapperValve.invoke(StandardWrapperValve.java:165) ~[tomcat-embed-core-11.0.22.jar:11.0.22]
	at org.apache.catalina.core.StandardContextValve.invoke(StandardContextValve.java:77) ~[tomcat-embed-core-11.0.22.jar:11.0.22]
	at org.apache.catalina.authenticator.AuthenticatorBase.invoke(AuthenticatorBase.java:492) ~[tomcat-embed-core-11.0.22.jar:11.0.22]
	at org.apache.catalina.core.StandardHostValve.invoke(StandardHostValve.java:113) ~[tomcat-embed-core-11.0.22.jar:11.0.22]
	at org.apache.catalina.valves.ErrorReportValve.invoke(ErrorReportValve.java:83) ~[tomcat-embed-core-11.0.22.jar:11.0.22]
	at org.apache.catalina.core.StandardEngineValve.invoke(StandardEngineValve.java:72) ~[tomcat-embed-core-11.0.22.jar:11.0.22]
	at org.apache.catalina.connector.CoyoteAdapter.service(CoyoteAdapter.java:341) ~[tomcat-embed-core-11.0.22.jar:11.0.22]
	at org.apache.coyote.http11.Http11Processor.service(Http11Processor.java:397) ~[tomcat-embed-core-11.0.22.jar:11.0.22]
	at org.apache.coyote.AbstractProcessorLight.process(AbstractProcessorLight.java:63) ~[tomcat-embed-core-11.0.22.jar:11.0.22]
	at org.apache.coyote.AbstractProtocol$ConnectionHandler.process(AbstractProtocol.java:1272) ~[tomcat-embed-core-11.0.22.jar:11.0.22]
	at org.apache.tomcat.util.net.NioEndpoint$SocketProcessor.doRun(NioEndpoint.java:1801) ~[tomcat-embed-core-11.0.22.jar:11.0.22]
	at org.apache.tomcat.util.net.SocketProcessorBase.run(SocketProcessorBase.java:52) ~[tomcat-embed-core-11.0.22.jar:11.0.22]
	at org.apache.tomcat.util.threads.ThreadPoolExecutor.runWorker(ThreadPoolExecutor.java:946) ~[tomcat-embed-core-11.0.22.jar:11.0.22]
	at org.apache.tomcat.util.threads.ThreadPoolExecutor$Worker.run(ThreadPoolExecutor.java:480) ~[tomcat-embed-core-11.0.22.jar:11.0.22]
	at org.apache.tomcat.util.threads.TaskThread$WrappingRunnable.run(TaskThread.java:57) ~[tomcat-embed-core-11.0.22.jar:11.0.22]
	at java.base/java.lang.Thread.run(Thread.java:1583) ~[na:na]
Caused by: org.hibernate.exception.SQLGrammarException: JDBC exception executing SQL [ERROR: relation "programs" does not exist
  Position: 162] [select p1_0.id,p1_0.archived_at,p1_0.created_at,p1_0.description,p1_0.embedding,p1_0.is_public,p1_0.status,p1_0.title,p1_0.updated_at,p1_0.user_activity_id from programs p1_0 where p1_0.user_activity_id=?]
	at org.hibernate.exception.internal.SQLStateConversionDelegate.convert(SQLStateConversionDelegate.java:63) ~[hibernate-core-7.4.1.Final.jar:7.4.1.Final]
	at org.hibernate.exception.internal.StandardSQLExceptionConverter.convert(StandardSQLExceptionConverter.java:34) ~[hibernate-core-7.4.1.Final.jar:7.4.1.Final]
	at org.hibernate.engine.jdbc.spi.SqlExceptionHelper.convert(SqlExceptionHelper.java:115) ~[hibernate-core-7.4.1.Final.jar:7.4.1.Final]
	at org.hibernate.sql.results.jdbc.internal.DeferredResultSetAccess.executeQuery(DeferredResultSetAccess.java:292) ~[hibernate-core-7.4.1.Final.jar:7.4.1.Final]
	at org.hibernate.sql.results.jdbc.internal.DeferredResultSetAccess.getResultSet(DeferredResultSetAccess.java:188) ~[hibernate-core-7.4.1.Final.jar:7.4.1.Final]
	at org.hibernate.sql.results.jdbc.internal.JdbcValuesResultSetImpl.<init>(JdbcValuesResultSetImpl.java:71) ~[hibernate-core-7.4.1.Final.jar:7.4.1.Final]
	at org.hibernate.sql.exec.internal.JdbcSelectExecutorStandardImpl.resolveJdbcValues(JdbcSelectExecutorStandardImpl.java:422) ~[hibernate-core-7.4.1.Final.jar:7.4.1.Final]
	at org.hibernate.sql.exec.internal.JdbcSelectExecutorStandardImpl.resolveJdbcValuesSource(JdbcSelectExecutorStandardImpl.java:349) ~[hibernate-core-7.4.1.Final.jar:7.4.1.Final]
	at org.hibernate.sql.exec.internal.JdbcSelectExecutorStandardImpl.doExecuteQuery(JdbcSelectExecutorStandardImpl.java:143) ~[hibernate-core-7.4.1.Final.jar:7.4.1.Final]
	at org.hibernate.sql.exec.internal.JdbcSelectExecutorStandardImpl.executeQuery(JdbcSelectExecutorStandardImpl.java:100) ~[hibernate-core-7.4.1.Final.jar:7.4.1.Final]
	at org.hibernate.sql.exec.spi.JdbcSelectExecutor.executeQuery(JdbcSelectExecutor.java:63) ~[hibernate-core-7.4.1.Final.jar:7.4.1.Final]
	at org.hibernate.sql.exec.spi.JdbcSelectExecutor.list(JdbcSelectExecutor.java:137) ~[hibernate-core-7.4.1.Final.jar:7.4.1.Final]
	at org.hibernate.query.sqm.internal.ConcreteSqmSelectQueryPlan.lambda$new$1(ConcreteSqmSelectQueryPlan.java:136) ~[hibernate-core-7.4.1.Final.jar:7.4.1.Final]
	at org.hibernate.query.sqm.internal.ConcreteSqmSelectQueryPlan.withCacheableSqmInterpretation(ConcreteSqmSelectQueryPlan.java:484) ~[hibernate-core-7.4.1.Final.jar:7.4.1.Final]
	at org.hibernate.query.sqm.internal.ConcreteSqmSelectQueryPlan.performList(ConcreteSqmSelectQueryPlan.java:411) ~[hibernate-core-7.4.1.Final.jar:7.4.1.Final]
	at org.hibernate.query.sqm.internal.SqmQueryImpl.doList(SqmQueryImpl.java:379) ~[hibernate-core-7.4.1.Final.jar:7.4.1.Final]
	at org.hibernate.query.spi.AbstractSelectionQuery.list(AbstractSelectionQuery.java:153) ~[hibernate-core-7.4.1.Final.jar:7.4.1.Final]
	at org.hibernate.query.Query.getResultList(Query.java:121) ~[hibernate-core-7.4.1.Final.jar:7.4.1.Final]
	at org.springframework.data.jpa.repository.query.JpaQueryExecution$CollectionExecution.doExecute(JpaQueryExecution.java:141) ~[spring-data-jpa-4.1.0.jar:4.1.0]
	at org.springframework.data.jpa.repository.query.JpaQueryExecution.execute(JpaQueryExecution.java:100) ~[spring-data-jpa-4.1.0.jar:4.1.0]
	at org.springframework.data.jpa.repository.query.AbstractJpaQuery.doExecute(AbstractJpaQuery.java:166) ~[spring-data-jpa-4.1.0.jar:4.1.0]
	at org.springframework.data.jpa.repository.query.AbstractJpaQuery.execute(AbstractJpaQuery.java:156) ~[spring-data-jpa-4.1.0.jar:4.1.0]
	at org.springframework.data.repository.core.support.RepositoryMethodInvoker.doInvoke(RepositoryMethodInvoker.java:169) ~[spring-data-commons-4.1.0.jar:4.1.0]
	at org.springframework.data.repository.core.support.RepositoryMethodInvoker.invoke(RepositoryMethodInvoker.java:158) ~[spring-data-commons-4.1.0.jar:4.1.0]
	at org.springframework.data.repository.core.support.QueryExecutorMethodInterceptor.doInvoke(QueryExecutorMethodInterceptor.java:167) ~[spring-data-commons-4.1.0.jar:4.1.0]
	at org.springframework.data.repository.core.support.QueryExecutorMethodInterceptor.invoke(QueryExecutorMethodInterceptor.java:146) ~[spring-data-commons-4.1.0.jar:4.1.0]
	at org.springframework.aop.framework.ReflectiveMethodInvocation.proceed(ReflectiveMethodInvocation.java:179) ~[spring-aop-7.0.8.jar:7.0.8]
	at org.springframework.data.projection.DefaultMethodInvokingMethodInterceptor.invoke(DefaultMethodInvokingMethodInterceptor.java:69) ~[spring-data-commons-4.1.0.jar:4.1.0]
	at org.springframework.aop.framework.ReflectiveMethodInvocation.proceed(ReflectiveMethodInvocation.java:179) ~[spring-aop-7.0.8.jar:7.0.8]
	at org.springframework.transaction.interceptor.TransactionInterceptor$1.proceedWithInvocation(TransactionInterceptor.java:133) ~[spring-tx-7.0.8.jar:7.0.8]
	at org.springframework.transaction.interceptor.TransactionAspectSupport.invokeWithinTransaction(TransactionAspectSupport.java:371) ~[spring-tx-7.0.8.jar:7.0.8]
	at org.springframework.transaction.interceptor.TransactionInterceptor.invoke(TransactionInterceptor.java:130) ~[spring-tx-7.0.8.jar:7.0.8]
	at org.springframework.aop.framework.ReflectiveMethodInvocation.proceed(ReflectiveMethodInvocation.java:179) ~[spring-aop-7.0.8.jar:7.0.8]
	at org.springframework.dao.support.PersistenceExceptionTranslationInterceptor.invoke(PersistenceExceptionTranslationInterceptor.java:135) ~[spring-tx-7.0.8.jar:7.0.8]
	... 119 common frames omitted
Caused by: org.postgresql.util.PSQLException: ERROR: relation "programs" does not exist
  Position: 162
	at org.postgresql.core.v3.QueryExecutorImpl.receiveErrorResponse(QueryExecutorImpl.java:2904) ~[postgresql-42.7.11.jar:42.7.11]
	at org.postgresql.core.v3.QueryExecutorImpl.processResults(QueryExecutorImpl.java:2589) ~[postgresql-42.7.11.jar:42.7.11]
	at org.postgresql.core.v3.QueryExecutorImpl.execute(QueryExecutorImpl.java:431) ~[postgresql-42.7.11.jar:42.7.11]
	at org.postgresql.jdbc.PgStatement.executeInternal(PgStatement.java:534) ~[postgresql-42.7.11.jar:42.7.11]
	at org.postgresql.jdbc.PgStatement.execute(PgStatement.java:437) ~[postgresql-42.7.11.jar:42.7.11]
	at org.postgresql.jdbc.PgPreparedStatement.executeWithFlags(PgPreparedStatement.java:196) ~[postgresql-42.7.11.jar:42.7.11]
	at org.postgresql.jdbc.PgPreparedStatement.executeQuery(PgPreparedStatement.java:139) ~[postgresql-42.7.11.jar:42.7.11]
	at com.zaxxer.hikari.pool.ProxyPreparedStatement.executeQuery(ProxyPreparedStatement.java:52) ~[HikariCP-7.0.2.jar:na]
	at com.zaxxer.hikari.pool.HikariProxyPreparedStatement.executeQuery(HikariProxyPreparedStatement.java) ~[HikariCP-7.0.2.jar:na]
	at org.hibernate.sql.results.jdbc.internal.DeferredResultSetAccess.executeQuery(DeferredResultSetAccess.java:269) ~[hibernate-core-7.4.1.Final.jar:7.4.1.Final]
	... 149 common frames omitted

2026-06-22T22:28:10.203+02:00  WARN 6764 --- [Pair] [nio-8090-exec-9] .m.m.a.ExceptionHandlerExceptionResolver : Resolved [org.springframework.dao.InvalidDataAccessResourceUsageException: JDBC exception executing SQL [ERROR: relation "programs" does not exist<EOL>  Position: 162] [select p1_0.id,p1_0.archived_at,p1_0.created_at,p1_0.description,p1_0.embedding,p1_0.is_public,p1_0.status,p1_0.title,p1_0.updated_at,p1_0.user_activity_id from programs p1_0 where p1_0.user_activity_id=?]; SQL [select p1_0.id,p1_0.archived_at,p1_0.created_at,p1_0.description,p1_0.embedding,p1_0.is_public,p1_0.status,p1_0.title,p1_0.updated_at,p1_0.user_activity_id from programs p1_0 where p1_0.user_activity_id=?]]
2026-06-22T22:28:45.854+02:00  INFO 6764 --- [Pair] [   File Watcher] rtingClassPathChangeChangedEventListener : Restarting due to 120 class path changes (0 additions, 120 deletions, 0 modifications)
2026-06-22T22:28:45.866+02:00  INFO 6764 --- [Pair] [       Thread-1] o.s.boot.tomcat.GracefulShutdown         : Commencing graceful shutdown. Waiting for active requests to complete
2026-06-22T22:28:45.889+02:00  INFO 6764 --- [Pair] [tomcat-shutdown] o.s.boot.tomcat.GracefulShutdown         : Graceful shutdown complete
2026-06-22T22:28:45.899+02:00  INFO 6764 --- [Pair] [       Thread-1] j.LocalContainerEntityManagerFactoryBean : Closing JPA EntityManagerFactory for persistence unit 'default'
2026-06-22T22:28:45.911+02:00  INFO 6764 --- [Pair] [       Thread-1] com.zaxxer.hikari.HikariDataSource       : HikariPool-1 - Shutdown initiated...
2026-06-22T22:28:45.947+02:00  INFO 6764 --- [Pair] [       Thread-1] com.zaxxer.hikari.HikariDataSource       : HikariPool-1 - Shutdown completed.

  .   ____          _            __ _ _
 /\\ / ___'_ __ _ _(_)_ __  __ _ \ \ \ \
( ( )\___ | '_ | '_| | '_ \/ _` | \ \ \ \
 \\/  ___)| |_)| | | | | || (_| |  ) ) ) )
  '  |____| .__|_| |_|_| |_\__, | / / / /
 =========|_|==============|___/=/_/_/_/

 :: Spring Boot ::                (v4.1.0)

2026-06-22T22:28:46.179+02:00  INFO 6764 --- [Pair] [  restartedMain] org.program.pair.PairApplication         : Starting PairApplication using Java 21.0.1 with PID 6764 (C:\Users\paric\Downloads\core-spring-labfiles\core-spring-labfiles\Pair\target\classes started by paric in C:\Users\paric\Downloads\core-spring-labfiles\core-spring-labfiles\Pair)
2026-06-22T22:28:46.180+02:00  INFO 6764 --- [Pair] [  restartedMain] org.program.pair.PairApplication         : No active profile set, falling back to 1 default profile: "default"
2026-06-22T22:28:46.566+02:00  INFO 6764 --- [Pair] [  restartedMain] .s.d.r.c.RepositoryConfigurationDelegate : Bootstrapping Spring Data JPA repositories in DEFAULT mode.
2026-06-22T22:28:46.601+02:00  INFO 6764 --- [Pair] [  restartedMain] .s.d.r.c.RepositoryConfigurationDelegate : Finished Spring Data repository scanning in 31 ms. Found 0 JPA repository interfaces.
2026-06-22T22:28:46.872+02:00  INFO 6764 --- [Pair] [  restartedMain] o.s.boot.tomcat.TomcatWebServer          : Tomcat initialized with port 8090 (http)
2026-06-22T22:28:46.873+02:00  INFO 6764 --- [Pair] [  restartedMain] o.apache.catalina.core.StandardService   : Starting service [Tomcat]
2026-06-22T22:28:46.873+02:00  INFO 6764 --- [Pair] [  restartedMain] o.apache.catalina.core.StandardEngine    : Starting Servlet engine: [Apache Tomcat/11.0.22]
2026-06-22T22:28:46.936+02:00  INFO 6764 --- [Pair] [  restartedMain] b.w.c.s.WebApplicationContextInitializer : Root WebApplicationContext: initialization completed in 751 ms
2026-06-22T22:28:47.040+02:00  INFO 6764 --- [Pair] [  restartedMain] org.hibernate.orm.jpa                    : HHH008540: Processing PersistenceUnitInfo [name: default]
2026-06-22T22:28:47.053+02:00  INFO 6764 --- [Pair] [  restartedMain] o.h.spatial.integration.SpatialService   : HHH80000001: Hibernate Spatial integration enabled: true
2026-06-22T22:28:47.119+02:00  INFO 6764 --- [Pair] [  restartedMain] com.zaxxer.hikari.HikariDataSource       : HikariPool-2 - Starting...
2026-06-22T22:28:47.241+02:00  INFO 6764 --- [Pair] [  restartedMain] com.zaxxer.hikari.pool.HikariPool        : HikariPool-2 - Added connection org.postgresql.jdbc.PgConnection@421cace5
2026-06-22T22:28:47.241+02:00  INFO 6764 --- [Pair] [  restartedMain] com.zaxxer.hikari.HikariDataSource       : HikariPool-2 - Start completed.
2026-06-22T22:28:47.264+02:00  WARN 6764 --- [Pair] [  restartedMain] org.hibernate.orm.deprecation            : HHH90000025: PostgreSQLDialect does not need to be specified explicitly using 'hibernate.dialect' (remove the property setting and it will be selected by default)
2026-06-22T22:28:47.285+02:00  INFO 6764 --- [Pair] [  restartedMain] org.hibernate.orm.connections.pooling    : HHH10001005: Database info:
	Database JDBC URL [jdbc:postgresql://localhost:5432/pair_db]
	Database driver: PostgreSQL JDBC Driver
	Database dialect: PostgreSQLDialect
	Database version: 18.4
	Default catalog/schema: pair_db/public
	Autocommit mode: undefined/unknown
	Isolation level: READ_COMMITTED [default READ_COMMITTED]
	JDBC fetch size: none
	Pool: DataSourceConnectionProvider
	Minimum pool size: undefined/unknown
	Maximum pool size: undefined/unknown
2026-06-22T22:28:47.301+02:00  INFO 6764 --- [Pair] [  restartedMain] o.s.o.j.p.SpringPersistenceUnitInfo      : No LoadTimeWeaver setup: ignoring JPA class transformer
2026-06-22T22:28:47.303+02:00  INFO 6764 --- [Pair] [  restartedMain] org.hibernate.orm.incubating             : HHH90006001: Setting 'hibernate.type.preferred_instant_jdbc_type' is still incubating (see Javadoc of corresponding member of 'org.hibernate.cfg.AvailableSettings')
2026-06-22T22:28:47.309+02:00  INFO 6764 --- [Pair] [  restartedMain] org.hibernate.orm.incubating             : HHH90006001: Setting 'hibernate.type.preferred_instant_jdbc_type' is still incubating (see Javadoc of corresponding member of 'org.hibernate.cfg.AvailableSettings')
2026-06-22T22:28:47.369+02:00  INFO 6764 --- [Pair] [  restartedMain] org.hibernate.orm.core                   : HHH000489: No JTA platform available (set 'hibernate.transaction.jta.platform' to enable JTA platform integration)
2026-06-22T22:28:47.373+02:00  INFO 6764 --- [Pair] [  restartedMain] j.LocalContainerEntityManagerFactoryBean : Initialized JPA EntityManagerFactory for persistence unit 'default'
2026-06-22T22:28:47.488+02:00  WARN 6764 --- [Pair] [  restartedMain] JpaBaseConfiguration$JpaWebConfiguration : spring.jpa.open-in-view is enabled by default. Therefore, database queries may be performed during view rendering. Explicitly configure spring.jpa.open-in-view to disable this warning
2026-06-22T22:28:47.837+02:00  WARN 6764 --- [Pair] [  restartedMain] .s.a.UserDetailsServiceAutoConfiguration : 

Using generated security password: d5d18ff5-9287-43cf-8fda-b9d99178a52a

This generated password is for development use only. Your security configuration must be updated before running your application in production.

2026-06-22T22:28:47.900+02:00  INFO 6764 --- [Pair] [  restartedMain] r$InitializeUserDetailsManagerConfigurer : Global AuthenticationManager configured with UserDetailsService bean with name inMemoryUserDetailsManager
2026-06-22T22:28:48.287+02:00  INFO 6764 --- [Pair] [  restartedMain] o.s.boot.tomcat.TomcatWebServer          : Tomcat started on port 8090 (http) with context path '/'
2026-06-22T22:28:48.294+02:00  INFO 6764 --- [Pair] [  restartedMain] org.program.pair.PairApplication         : Started PairApplication in 2.187 seconds (process running for 120.933)
2026-06-22T22:28:48.305+02:00  INFO 6764 --- [Pair] [  restartedMain] .ConditionEvaluationDeltaLoggingListener : Condition evaluation delta:


==========================
CONDITION EVALUATION DELTA
==========================


Positive matches:
-----------------

   DataJpaRepositoriesAutoConfiguration matched:
      - @ConditionalOnClass found required class 'org.springframework.data.jpa.repository.JpaRepository' (OnClassCondition)
      - @ConditionalOnBooleanProperty (spring.data.jpa.repositories.enabled=true) matched (OnPropertyCondition)
      - @ConditionalOnBean (types: javax.sql.DataSource; SearchStrategy: all) found bean 'dataSource'; @ConditionalOnMissingBean (types: org.springframework.data.jpa.repository.support.JpaRepositoryFactoryBean,org.springframework.data.jpa.repository.config.JpaRepositoryConfigExtension; SearchStrategy: all) did not find any beans (OnBeanCondition)

   ServletWebSecurityAutoConfiguration.EnableWebSecurityConfiguration matched:
      - @ConditionalOnClass found required class 'org.springframework.security.config.annotation.web.configuration.EnableWebSecurity' (OnClassCondition)
      - @ConditionalOnMissingBean (names: springSecurityFilterChain; SearchStrategy: all) did not find any beans (OnBeanCondition)

   ServletWebSecurityAutoConfiguration.SecurityFilterChainConfiguration matched:
      - AllNestedConditions 2 matched 0 did not; NestedCondition on DefaultWebSecurityCondition.Beans @ConditionalOnMissingBean (types: org.springframework.security.web.SecurityFilterChain; SearchStrategy: all) did not find any beans; NestedCondition on DefaultWebSecurityCondition.Classes @ConditionalOnClass found required classes 'org.springframework.security.web.SecurityFilterChain', 'org.springframework.security.config.annotation.web.builders.HttpSecurity' (DefaultWebSecurityCondition)

   TransactionAutoConfiguration.EnableTransactionManagementConfiguration matched:
      - @ConditionalOnBean (types: org.springframework.transaction.TransactionManager; SearchStrategy: all) found bean 'transactionManager'; @ConditionalOnMissingBean (types: org.springframework.transaction.annotation.AbstractTransactionManagementConfiguration; SearchStrategy: all) did not find any beans (OnBeanCondition)

   TransactionAutoConfiguration.EnableTransactionManagementConfiguration.CglibAutoProxyConfiguration matched:
      - @ConditionalOnBooleanProperty (spring.aop.proxy-target-class=true) matched (OnPropertyCondition)

   UserDetailsServiceAutoConfiguration matched:
      - @ConditionalOnClass found required class 'org.springframework.security.authentication.AuthenticationManager' (OnClassCondition)
      - found 'session' scope (OnWebApplicationCondition)
      - AnyNestedCondition 1 matched 2 did not; NestedCondition on MissingAlternativeUserDetailsManagerOrUserPropertiesConfigured.PasswordConfigured @ConditionalOnProperty (spring.security.user.password) did not find property 'spring.security.user.password'; NestedCondition on MissingAlternativeUserDetailsManagerOrUserPropertiesConfigured.NameConfigured @ConditionalOnProperty (spring.security.user.name) did not find property 'spring.security.user.name'; NestedCondition on MissingAlternativeUserDetailsManagerOrUserPropertiesConfigured.MissingAlternative @ConditionalOnMissingClass did not find unwanted classes 'org.springframework.security.oauth2.client.registration.ClientRegistrationRepository', 'org.springframework.security.oauth2.server.resource.introspection.OpaqueTokenIntrospector', 'org.springframework.security.saml2.provider.service.registration.RelyingPartyRegistrationRepository' (MissingAlternativeUserDetailsManagerOrUserPropertiesConfigured)
      - @ConditionalOnMissingBean (types: org.springframework.security.authentication.AuthenticationManager,org.springframework.security.authentication.AuthenticationProvider,org.springframework.security.core.userdetails.UserDetailsService,org.springframework.security.authentication.AuthenticationManagerResolver,org.springframework.security.oauth2.jwt.JwtDecoder; SearchStrategy: all) did not find any beans (OnBeanCondition)


Negative matches:
-----------------

   DataJpaRepositoriesAutoConfiguration#entityManagerFactoryBootstrapExecutorCustomizer:
      Did not match:
         - @ConditionalOnProperty (spring.data.jpa.repositories.bootstrap-mode=deferred) did not find property 'spring.data.jpa.repositories.bootstrap-mode' (OnPropertyCondition)


Exclusions:
-----------

    None


Unconditional classes:
----------------------

    None



