[INFO] Scanning for projects...
[INFO] 
[INFO] --------------------------< org.program:Pair >--------------------------
[INFO] Building Pair 0.0.1-SNAPSHOT
[INFO]   from pom.xml
[INFO] --------------------------------[ jar ]---------------------------------
[INFO] 
[INFO] >>> spring-boot:4.1.0:run (default-cli) > test-compile @ Pair >>>
[INFO] 
[INFO] --- resources:3.5.0:resources (default-resources) @ Pair ---
[INFO] Copying 1 resource from src\main\resources to target\classes
[INFO] Copying 19 resources from src\main\resources to target\classes
[INFO] 
[INFO] --- compiler:3.15.0:compile (default-compile) @ Pair ---
[INFO] Nothing to compile - all classes are up to date.
[INFO] 
[INFO] --- resources:3.5.0:testResources (default-testResources) @ Pair ---
[INFO] skip non existing resourceDirectory C:\Users\paric\Downloads\core-spring-labfiles\core-spring-labfiles\Pair\src\test\resources
[INFO] 
[INFO] --- compiler:3.15.0:testCompile (default-testCompile) @ Pair ---
[INFO] Nothing to compile - all classes are up to date.
[INFO] 
[INFO] <<< spring-boot:4.1.0:run (default-cli) < test-compile @ Pair <<<
[INFO] 
[INFO] 
[INFO] --- spring-boot:4.1.0:run (default-cli) @ Pair ---
[INFO] Attaching agents: []

  .   ____          _            __ _ _
 /\\ / ___'_ __ _ _(_)_ __  __ _ \ \ \ \
( ( )\___ | '_ | '_| | '_ \/ _` | \ \ \ \
 \\/  ___)| |_)| | | | | || (_| |  ) ) ) )
  '  |____| .__|_| |_|_| |_\__, | / / / /
 =========|_|==============|___/=/_/_/_/

 :: Spring Boot ::                (v4.1.0)

2026-06-22T22:30:36.043+02:00  INFO 5028 --- [Pair] [  restartedMain] org.program.pair.PairApplication         : Starting PairApplication using Java 21.0.1 with PID 5028 (C:\Users\paric\Downloads\core-spring-labfiles\core-spring-labfiles\Pair\target\classes started by paric in C:\Users\paric\Downloads\core-spring-labfiles\core-spring-labfiles\Pair)
2026-06-22T22:30:36.052+02:00  INFO 5028 --- [Pair] [  restartedMain] org.program.pair.PairApplication         : No active profile set, falling back to 1 default profile: "default"
2026-06-22T22:30:36.144+02:00  INFO 5028 --- [Pair] [  restartedMain] .e.DevToolsPropertyDefaultsPostProcessor : Devtools property defaults active! Set 'spring.devtools.add-properties' to 'false' to disable
2026-06-22T22:30:36.144+02:00  INFO 5028 --- [Pair] [  restartedMain] .e.DevToolsPropertyDefaultsPostProcessor : For additional web related logging consider setting the 'logging.level.web' property to 'DEBUG'
2026-06-22T22:30:37.184+02:00  INFO 5028 --- [Pair] [  restartedMain] .s.d.r.c.RepositoryConfigurationDelegate : Bootstrapping Spring Data JPA repositories in DEFAULT mode.
2026-06-22T22:30:37.361+02:00  INFO 5028 --- [Pair] [  restartedMain] .s.d.r.c.RepositoryConfigurationDelegate : Finished Spring Data repository scanning in 164 ms. Found 19 JPA repository interfaces.
2026-06-22T22:30:38.779+02:00  INFO 5028 --- [Pair] [  restartedMain] o.s.boot.tomcat.TomcatWebServer          : Tomcat initialized with port 8090 (http)
2026-06-22T22:30:38.801+02:00  INFO 5028 --- [Pair] [  restartedMain] o.apache.catalina.core.StandardService   : Starting service [Tomcat]
2026-06-22T22:30:38.801+02:00  INFO 5028 --- [Pair] [  restartedMain] o.apache.catalina.core.StandardEngine    : Starting Servlet engine: [Apache Tomcat/11.0.22]
2026-06-22T22:30:38.869+02:00  INFO 5028 --- [Pair] [  restartedMain] b.w.c.s.WebApplicationContextInitializer : Root WebApplicationContext: initialization completed in 2723 ms
2026-06-22T22:30:39.133+02:00  INFO 5028 --- [Pair] [  restartedMain] org.hibernate.orm.jpa                    : HHH008540: Processing PersistenceUnitInfo [name: default]
2026-06-22T22:30:39.232+02:00  INFO 5028 --- [Pair] [  restartedMain] org.hibernate.orm.core                   : HHH000001: Hibernate ORM core version 7.4.1.Final
2026-06-22T22:30:39.248+02:00  INFO 5028 --- [Pair] [  restartedMain] o.h.spatial.integration.SpatialService   : HHH80000001: Hibernate Spatial integration enabled: true
2026-06-22T22:30:39.710+02:00  INFO 5028 --- [Pair] [  restartedMain] com.zaxxer.hikari.HikariDataSource       : HikariPool-1 - Starting...
2026-06-22T22:30:39.959+02:00  INFO 5028 --- [Pair] [  restartedMain] com.zaxxer.hikari.pool.HikariPool        : HikariPool-1 - Added connection org.postgresql.jdbc.PgConnection@270c69ed
2026-06-22T22:30:39.961+02:00  INFO 5028 --- [Pair] [  restartedMain] com.zaxxer.hikari.HikariDataSource       : HikariPool-1 - Start completed.
2026-06-22T22:30:40.012+02:00  WARN 5028 --- [Pair] [  restartedMain] org.hibernate.orm.deprecation            : HHH90000025: PostgreSQLDialect does not need to be specified explicitly using 'hibernate.dialect' (remove the property setting and it will be selected by default)
2026-06-22T22:30:40.055+02:00  INFO 5028 --- [Pair] [  restartedMain] org.hibernate.orm.connections.pooling    : HHH10001005: Database info:
	Database JDBC URL [jdbc:postgresql://localhost:5432/pair_db]
	Database driver: PostgreSQL JDBC Driver
	Database dialect: PostgreSQLDialect
	Database version: 18.4
	Default catalog/schema: pair_db/public
	Autocommit mode: undefined/unknown
	Isolation level: READ_COMMITTED [default READ_COMMITTED]
	JDBC fetch size: none
	Pool: DataSourceConnectionProvider
	Minimum pool size: undefined/unknown
	Maximum pool size: undefined/unknown
2026-06-22T22:30:40.411+02:00  INFO 5028 --- [Pair] [  restartedMain] o.s.o.j.p.SpringPersistenceUnitInfo      : No LoadTimeWeaver setup: ignoring JPA class transformer
2026-06-22T22:30:40.472+02:00  INFO 5028 --- [Pair] [  restartedMain] org.hibernate.orm.incubating             : HHH90006001: Setting 'hibernate.type.preferred_instant_jdbc_type' is still incubating (see Javadoc of corresponding member of 'org.hibernate.cfg.AvailableSettings')
2026-06-22T22:30:41.022+02:00  INFO 5028 --- [Pair] [  restartedMain] org.hibernate.orm.incubating             : HHH90006001: Setting 'hibernate.type.preferred_instant_jdbc_type' is still incubating (see Javadoc of corresponding member of 'org.hibernate.cfg.AvailableSettings')
2026-06-22T22:30:41.024+02:00  INFO 5028 --- [Pair] [  restartedMain] org.hibernate.orm.incubating             : HHH90006001: Setting 'hibernate.type.preferred_instant_jdbc_type' is still incubating (see Javadoc of corresponding member of 'org.hibernate.cfg.AvailableSettings')
2026-06-22T22:30:41.030+02:00  INFO 5028 --- [Pair] [  restartedMain] org.hibernate.orm.incubating             : HHH90006001: Setting 'hibernate.type.preferred_instant_jdbc_type' is still incubating (see Javadoc of corresponding member of 'org.hibernate.cfg.AvailableSettings')
2026-06-22T22:30:41.030+02:00  INFO 5028 --- [Pair] [  restartedMain] org.hibernate.orm.incubating             : HHH90006001: Setting 'hibernate.type.preferred_instant_jdbc_type' is still incubating (see Javadoc of corresponding member of 'org.hibernate.cfg.AvailableSettings')
2026-06-22T22:30:41.031+02:00  INFO 5028 --- [Pair] [  restartedMain] org.hibernate.orm.incubating             : HHH90006001: Setting 'hibernate.type.preferred_instant_jdbc_type' is still incubating (see Javadoc of corresponding member of 'org.hibernate.cfg.AvailableSettings')
2026-06-22T22:30:41.031+02:00  INFO 5028 --- [Pair] [  restartedMain] org.hibernate.orm.incubating             : HHH90006001: Setting 'hibernate.type.preferred_instant_jdbc_type' is still incubating (see Javadoc of corresponding member of 'org.hibernate.cfg.AvailableSettings')
2026-06-22T22:30:41.031+02:00  INFO 5028 --- [Pair] [  restartedMain] org.hibernate.orm.incubating             : HHH90006001: Setting 'hibernate.type.preferred_instant_jdbc_type' is still incubating (see Javadoc of corresponding member of 'org.hibernate.cfg.AvailableSettings')
2026-06-22T22:30:41.032+02:00  INFO 5028 --- [Pair] [  restartedMain] org.hibernate.orm.incubating             : HHH90006001: Setting 'hibernate.type.preferred_instant_jdbc_type' is still incubating (see Javadoc of corresponding member of 'org.hibernate.cfg.AvailableSettings')
2026-06-22T22:30:41.032+02:00  INFO 5028 --- [Pair] [  restartedMain] org.hibernate.orm.incubating             : HHH90006001: Setting 'hibernate.type.preferred_instant_jdbc_type' is still incubating (see Javadoc of corresponding member of 'org.hibernate.cfg.AvailableSettings')
2026-06-22T22:30:41.033+02:00  INFO 5028 --- [Pair] [  restartedMain] org.hibernate.orm.incubating             : HHH90006001: Setting 'hibernate.type.preferred_instant_jdbc_type' is still incubating (see Javadoc of corresponding member of 'org.hibernate.cfg.AvailableSettings')
2026-06-22T22:30:41.034+02:00  INFO 5028 --- [Pair] [  restartedMain] org.hibernate.orm.incubating             : HHH90006001: Setting 'hibernate.type.preferred_instant_jdbc_type' is still incubating (see Javadoc of corresponding member of 'org.hibernate.cfg.AvailableSettings')
2026-06-22T22:30:41.034+02:00  INFO 5028 --- [Pair] [  restartedMain] org.hibernate.orm.incubating             : HHH90006001: Setting 'hibernate.type.preferred_instant_jdbc_type' is still incubating (see Javadoc of corresponding member of 'org.hibernate.cfg.AvailableSettings')
2026-06-22T22:30:41.049+02:00  INFO 5028 --- [Pair] [  restartedMain] org.hibernate.orm.incubating             : HHH90006001: Setting 'hibernate.type.preferred_instant_jdbc_type' is still incubating (see Javadoc of corresponding member of 'org.hibernate.cfg.AvailableSettings')
2026-06-22T22:30:41.050+02:00  INFO 5028 --- [Pair] [  restartedMain] org.hibernate.orm.incubating             : HHH90006001: Setting 'hibernate.type.preferred_instant_jdbc_type' is still incubating (see Javadoc of corresponding member of 'org.hibernate.cfg.AvailableSettings')
2026-06-22T22:30:41.053+02:00  INFO 5028 --- [Pair] [  restartedMain] org.hibernate.orm.incubating             : HHH90006001: Setting 'hibernate.type.preferred_instant_jdbc_type' is still incubating (see Javadoc of corresponding member of 'org.hibernate.cfg.AvailableSettings')
2026-06-22T22:30:41.053+02:00  INFO 5028 --- [Pair] [  restartedMain] org.hibernate.orm.incubating             : HHH90006001: Setting 'hibernate.type.preferred_instant_jdbc_type' is still incubating (see Javadoc of corresponding member of 'org.hibernate.cfg.AvailableSettings')
2026-06-22T22:30:41.059+02:00  INFO 5028 --- [Pair] [  restartedMain] org.hibernate.orm.incubating             : HHH90006001: Setting 'hibernate.type.preferred_instant_jdbc_type' is still incubating (see Javadoc of corresponding member of 'org.hibernate.cfg.AvailableSettings')
2026-06-22T22:30:41.059+02:00  INFO 5028 --- [Pair] [  restartedMain] org.hibernate.orm.incubating             : HHH90006001: Setting 'hibernate.type.preferred_instant_jdbc_type' is still incubating (see Javadoc of corresponding member of 'org.hibernate.cfg.AvailableSettings')
2026-06-22T22:30:41.060+02:00  INFO 5028 --- [Pair] [  restartedMain] org.hibernate.orm.incubating             : HHH90006001: Setting 'hibernate.type.preferred_instant_jdbc_type' is still incubating (see Javadoc of corresponding member of 'org.hibernate.cfg.AvailableSettings')
2026-06-22T22:30:41.061+02:00  INFO 5028 --- [Pair] [  restartedMain] org.hibernate.orm.incubating             : HHH90006001: Setting 'hibernate.type.preferred_instant_jdbc_type' is still incubating (see Javadoc of corresponding member of 'org.hibernate.cfg.AvailableSettings')
2026-06-22T22:30:41.061+02:00  INFO 5028 --- [Pair] [  restartedMain] org.hibernate.orm.incubating             : HHH90006001: Setting 'hibernate.type.preferred_instant_jdbc_type' is still incubating (see Javadoc of corresponding member of 'org.hibernate.cfg.AvailableSettings')
2026-06-22T22:30:41.065+02:00  INFO 5028 --- [Pair] [  restartedMain] org.hibernate.orm.incubating             : HHH90006001: Setting 'hibernate.type.preferred_instant_jdbc_type' is still incubating (see Javadoc of corresponding member of 'org.hibernate.cfg.AvailableSettings')
2026-06-22T22:30:41.066+02:00  INFO 5028 --- [Pair] [  restartedMain] org.hibernate.orm.incubating             : HHH90006001: Setting 'hibernate.type.preferred_instant_jdbc_type' is still incubating (see Javadoc of corresponding member of 'org.hibernate.cfg.AvailableSettings')
2026-06-22T22:30:41.067+02:00  INFO 5028 --- [Pair] [  restartedMain] org.hibernate.orm.incubating             : HHH90006001: Setting 'hibernate.type.preferred_instant_jdbc_type' is still incubating (see Javadoc of corresponding member of 'org.hibernate.cfg.AvailableSettings')
2026-06-22T22:30:41.069+02:00  INFO 5028 --- [Pair] [  restartedMain] org.hibernate.orm.incubating             : HHH90006001: Setting 'hibernate.type.preferred_instant_jdbc_type' is still incubating (see Javadoc of corresponding member of 'org.hibernate.cfg.AvailableSettings')
2026-06-22T22:30:41.070+02:00  INFO 5028 --- [Pair] [  restartedMain] org.hibernate.orm.incubating             : HHH90006001: Setting 'hibernate.type.preferred_instant_jdbc_type' is still incubating (see Javadoc of corresponding member of 'org.hibernate.cfg.AvailableSettings')
2026-06-22T22:30:41.071+02:00  INFO 5028 --- [Pair] [  restartedMain] org.hibernate.orm.incubating             : HHH90006001: Setting 'hibernate.type.preferred_instant_jdbc_type' is still incubating (see Javadoc of corresponding member of 'org.hibernate.cfg.AvailableSettings')
2026-06-22T22:30:41.326+02:00  INFO 5028 --- [Pair] [  restartedMain] org.hibernate.orm.incubating             : HHH90006001: Setting 'hibernate.type.preferred_instant_jdbc_type' is still incubating (see Javadoc of corresponding member of 'org.hibernate.cfg.AvailableSettings')
2026-06-22T22:30:43.282+02:00  INFO 5028 --- [Pair] [  restartedMain] org.hibernate.orm.core                   : HHH000489: No JTA platform available (set 'hibernate.transaction.jta.platform' to enable JTA platform integration)
2026-06-22T22:30:43.294+02:00  INFO 5028 --- [Pair] [  restartedMain] j.LocalContainerEntityManagerFactoryBean : Initialized JPA EntityManagerFactory for persistence unit 'default'
2026-06-22T22:30:43.399+02:00  INFO 5028 --- [Pair] [  restartedMain] o.s.d.j.r.query.QueryEnhancerFactories   : Hibernate is in classpath; If applicable, HQL parser will be used.
2026-06-22T22:30:46.303+02:00  WARN 5028 --- [Pair] [  restartedMain] JpaBaseConfiguration$JpaWebConfiguration : spring.jpa.open-in-view is enabled by default. Therefore, database queries may be performed during view rendering. Explicitly configure spring.jpa.open-in-view to disable this warning
2026-06-22T22:30:46.520+02:00  INFO 5028 --- [Pair] [  restartedMain] r$InitializeUserDetailsManagerConfigurer : Global AuthenticationManager configured with UserDetailsService bean with name userDetailsServiceImpl
2026-06-22T22:30:47.758+02:00  INFO 5028 --- [Pair] [  restartedMain] o.s.boot.tomcat.TomcatWebServer          : Tomcat started on port 8090 (http) with context path '/'
2026-06-22T22:30:47.766+02:00  INFO 5028 --- [Pair] [  restartedMain] org.program.pair.PairApplication         : Started PairApplication in 12.456 seconds (process running for 13.386)
2026-06-22T22:30:48.531+02:00  INFO 5028 --- [Pair] [nio-8090-exec-1] o.a.c.c.C.[Tomcat].[localhost].[/]       : Initializing Spring DispatcherServlet 'dispatcherServlet'
2026-06-22T22:30:48.531+02:00  INFO 5028 --- [Pair] [nio-8090-exec-1] o.s.web.servlet.DispatcherServlet        : Initializing Servlet 'dispatcherServlet'
2026-06-22T22:30:48.533+02:00  INFO 5028 --- [Pair] [nio-8090-exec-1] o.s.web.servlet.DispatcherServlet        : Completed initialization in 2 ms
2026-06-22T22:30:57.731+02:00  INFO 5028 --- [Pair] [nio-8090-exec-2] o.p.p.d.auth.EmailVerificationService    : Email verification token for user-1782160257@test.com: e13af730-6612-4297-a7ef-c2f100a23370
2026-06-22T22:31:02.377+02:00  WARN 5028 --- [Pair] [io-8090-exec-10] .m.m.a.ExceptionHandlerExceptionResolver : Resolved [org.program.pair.shared.exception.EmailAlreadyExistsException: Cet email est déjà utilisé.]
2026-06-22T22:31:13.349+02:00  INFO 5028 --- [Pair] [nio-8090-exec-2] o.p.p.d.auth.EmailVerificationService    : Email verification token for sports-fan-1782160272@test.com: 85529d73-2f5e-4519-83e9-bd8ca1f139dc
2026-06-22T22:31:13.695+02:00  WARN 5028 --- [Pair] [nio-8090-exec-6] ration$PageModule$WarningLoggingModifier : Serializing PageImpl instances as-is is not supported, meaning that there is no guarantee about the stability of the resulting JSON structure!
	For a stable JSON structure, please use Spring Data's PagedModel (globally via @EnableSpringDataWebSupport(pageSerializationMode = VIA_DTO))
	or Spring HATEOAS and Spring Data's PagedResourcesAssembler as documented in https://docs.spring.io/spring-data/commons/reference/repositories/core-extensions.html#core.web.pageables.

2026-06-22T22:31:13.925+02:00 ERROR 5028 --- [Pair] [io-8090-exec-10] o.p.p.s.e.GlobalExceptionHandler         : Erreur non gérée

org.springframework.http.converter.HttpMessageNotReadableException: JSON parse error: Cannot deserialize value of type `org.program.pair.domain.activity.ActivityFormat` from String "BOTH": not one of the values accepted for Enum class: [ANY, DUO, GROUP, SOLO]
	at org.springframework.http.converter.AbstractJacksonHttpMessageConverter.readJavaType(AbstractJacksonHttpMessageConverter.java:363) ~[spring-web-7.0.8.jar:7.0.8]
	at org.springframework.http.converter.AbstractJacksonHttpMessageConverter.read(AbstractJacksonHttpMessageConverter.java:319) ~[spring-web-7.0.8.jar:7.0.8]
	at org.springframework.web.servlet.mvc.method.annotation.AbstractMessageConverterMethodArgumentResolver.readWithMessageConverters(AbstractMessageConverterMethodArgumentResolver.java:203) ~[spring-webmvc-7.0.8.jar:7.0.8]
	at org.springframework.web.servlet.mvc.method.annotation.RequestResponseBodyMethodProcessor.readWithMessageConverters(RequestResponseBodyMethodProcessor.java:181) ~[spring-webmvc-7.0.8.jar:7.0.8]
	at org.springframework.web.servlet.mvc.method.annotation.RequestResponseBodyMethodProcessor.resolveArgument(RequestResponseBodyMethodProcessor.java:156) ~[spring-webmvc-7.0.8.jar:7.0.8]
	at org.springframework.web.method.support.HandlerMethodArgumentResolverComposite.resolveArgument(HandlerMethodArgumentResolverComposite.java:122) ~[spring-web-7.0.8.jar:7.0.8]
	at org.springframework.web.method.support.InvocableHandlerMethod.getMethodArgumentValues(InvocableHandlerMethod.java:224) ~[spring-web-7.0.8.jar:7.0.8]
	at org.springframework.web.method.support.InvocableHandlerMethod.invokeForRequest(InvocableHandlerMethod.java:174) ~[spring-web-7.0.8.jar:7.0.8]
	at org.springframework.web.servlet.mvc.method.annotation.ServletInvocableHandlerMethod.invokeAndHandle(ServletInvocableHandlerMethod.java:117) ~[spring-webmvc-7.0.8.jar:7.0.8]
	at org.springframework.web.servlet.mvc.method.annotation.RequestMappingHandlerAdapter.invokeHandlerMethod(RequestMappingHandlerAdapter.java:934) ~[spring-webmvc-7.0.8.jar:7.0.8]
	at org.springframework.web.servlet.mvc.method.annotation.RequestMappingHandlerAdapter.handleInternal(RequestMappingHandlerAdapter.java:853) ~[spring-webmvc-7.0.8.jar:7.0.8]
	at org.springframework.web.servlet.mvc.method.AbstractHandlerMethodAdapter.handle(AbstractHandlerMethodAdapter.java:86) ~[spring-webmvc-7.0.8.jar:7.0.8]
	at org.springframework.web.servlet.DispatcherServlet.doDispatch(DispatcherServlet.java:963) ~[spring-webmvc-7.0.8.jar:7.0.8]
	at org.springframework.web.servlet.DispatcherServlet.doService(DispatcherServlet.java:866) ~[spring-webmvc-7.0.8.jar:7.0.8]
	at org.springframework.web.servlet.FrameworkServlet.processRequest(FrameworkServlet.java:1000) ~[spring-webmvc-7.0.8.jar:7.0.8]
	at org.springframework.web.servlet.FrameworkServlet.doPost(FrameworkServlet.java:903) ~[spring-webmvc-7.0.8.jar:7.0.8]
	at jakarta.servlet.http.HttpServlet.service(HttpServlet.java:649) ~[tomcat-embed-core-11.0.22.jar:6.1]
	at org.springframework.web.servlet.FrameworkServlet.service(FrameworkServlet.java:874) ~[spring-webmvc-7.0.8.jar:7.0.8]
	at jakarta.servlet.http.HttpServlet.service(HttpServlet.java:710) ~[tomcat-embed-core-11.0.22.jar:6.1]
	at org.apache.catalina.core.ApplicationFilterChain.doFilter(ApplicationFilterChain.java:128) ~[tomcat-embed-core-11.0.22.jar:11.0.22]
	at org.apache.tomcat.websocket.server.WsFilter.doFilter(WsFilter.java:53) ~[tomcat-embed-websocket-11.0.22.jar:11.0.22]
	at org.apache.catalina.core.ApplicationFilterChain.doFilter(ApplicationFilterChain.java:107) ~[tomcat-embed-core-11.0.22.jar:11.0.22]
	at org.springframework.web.filter.OncePerRequestFilter.doFilter(OncePerRequestFilter.java:110) ~[spring-web-7.0.8.jar:7.0.8]
	at org.apache.catalina.core.ApplicationFilterChain.doFilter(ApplicationFilterChain.java:107) ~[tomcat-embed-core-11.0.22.jar:11.0.22]
	at org.springframework.web.filter.CompositeFilter$VirtualFilterChain.doFilter(CompositeFilter.java:108) ~[spring-web-7.0.8.jar:7.0.8]
	at org.springframework.security.web.FilterChainProxy.lambda$doFilterInternal$2(FilterChainProxy.java:235) ~[spring-security-web-7.1.0.jar:7.1.0]
	at org.springframework.security.web.FilterChainProxy$VirtualFilterChain.doFilter(FilterChainProxy.java:376) ~[spring-security-web-7.1.0.jar:7.1.0]
	at org.springframework.security.web.access.intercept.AuthorizationFilter.doFilter(AuthorizationFilter.java:101) ~[spring-security-web-7.1.0.jar:7.1.0]
	at org.springframework.security.web.FilterChainProxy$VirtualFilterChain.doFilter(FilterChainProxy.java:385) ~[spring-security-web-7.1.0.jar:7.1.0]
	at org.springframework.security.web.access.ExceptionTranslationFilter.doFilter(ExceptionTranslationFilter.java:126) ~[spring-security-web-7.1.0.jar:7.1.0]
	at org.springframework.security.web.access.ExceptionTranslationFilter.doFilter(ExceptionTranslationFilter.java:120) ~[spring-security-web-7.1.0.jar:7.1.0]
	at org.springframework.security.web.FilterChainProxy$VirtualFilterChain.doFilter(FilterChainProxy.java:385) ~[spring-security-web-7.1.0.jar:7.1.0]
	at org.springframework.security.web.session.SessionManagementFilter.doFilter(SessionManagementFilter.java:132) ~[spring-security-web-7.1.0.jar:7.1.0]
	at org.springframework.security.web.session.SessionManagementFilter.doFilter(SessionManagementFilter.java:86) ~[spring-security-web-7.1.0.jar:7.1.0]
	at org.springframework.security.web.FilterChainProxy$VirtualFilterChain.doFilter(FilterChainProxy.java:385) ~[spring-security-web-7.1.0.jar:7.1.0]
	at org.springframework.security.web.authentication.AnonymousAuthenticationFilter.doFilter(AnonymousAuthenticationFilter.java:100) ~[spring-security-web-7.1.0.jar:7.1.0]
	at org.springframework.security.web.FilterChainProxy$VirtualFilterChain.doFilter(FilterChainProxy.java:385) ~[spring-security-web-7.1.0.jar:7.1.0]
	at org.springframework.security.web.servletapi.SecurityContextHolderAwareRequestFilter.doFilter(SecurityContextHolderAwareRequestFilter.java:181) ~[spring-security-web-7.1.0.jar:7.1.0]
	at org.springframework.security.web.FilterChainProxy$VirtualFilterChain.doFilter(FilterChainProxy.java:385) ~[spring-security-web-7.1.0.jar:7.1.0]
	at org.springframework.security.web.savedrequest.RequestCacheAwareFilter.doFilter(RequestCacheAwareFilter.java:63) ~[spring-security-web-7.1.0.jar:7.1.0]
	at org.springframework.security.web.FilterChainProxy$VirtualFilterChain.doFilter(FilterChainProxy.java:385) ~[spring-security-web-7.1.0.jar:7.1.0]
	at org.program.pair.shared.security.JwtAuthFilter.doFilterInternal(JwtAuthFilter.java:41) ~[classes/:na]
	at org.springframework.web.filter.OncePerRequestFilter.doFilter(OncePerRequestFilter.java:116) ~[spring-web-7.0.8.jar:7.0.8]
	at org.springframework.security.web.FilterChainProxy$VirtualFilterChain.doFilter(FilterChainProxy.java:385) ~[spring-security-web-7.1.0.jar:7.1.0]
	at org.springframework.security.web.authentication.logout.LogoutFilter.doFilter(LogoutFilter.java:110) ~[spring-security-web-7.1.0.jar:7.1.0]
	at org.springframework.security.web.authentication.logout.LogoutFilter.doFilter(LogoutFilter.java:96) ~[spring-security-web-7.1.0.jar:7.1.0]
	at org.springframework.security.web.FilterChainProxy$VirtualFilterChain.doFilter(FilterChainProxy.java:385) ~[spring-security-web-7.1.0.jar:7.1.0]
	at org.springframework.security.web.header.HeaderWriterFilter.doHeadersAfter(HeaderWriterFilter.java:90) ~[spring-security-web-7.1.0.jar:7.1.0]
	at org.springframework.security.web.header.HeaderWriterFilter.doFilterInternal(HeaderWriterFilter.java:75) ~[spring-security-web-7.1.0.jar:7.1.0]
	at org.springframework.web.filter.OncePerRequestFilter.doFilter(OncePerRequestFilter.java:116) ~[spring-web-7.0.8.jar:7.0.8]
	at org.springframework.security.web.FilterChainProxy$VirtualFilterChain.doFilter(FilterChainProxy.java:385) ~[spring-security-web-7.1.0.jar:7.1.0]
	at org.springframework.security.web.context.SecurityContextHolderFilter.doFilter(SecurityContextHolderFilter.java:82) ~[spring-security-web-7.1.0.jar:7.1.0]
	at org.springframework.security.web.context.SecurityContextHolderFilter.doFilter(SecurityContextHolderFilter.java:69) ~[spring-security-web-7.1.0.jar:7.1.0]
	at org.springframework.security.web.FilterChainProxy$VirtualFilterChain.doFilter(FilterChainProxy.java:385) ~[spring-security-web-7.1.0.jar:7.1.0]
	at org.springframework.security.web.context.request.async.WebAsyncManagerIntegrationFilter.doFilterInternal(WebAsyncManagerIntegrationFilter.java:62) ~[spring-security-web-7.1.0.jar:7.1.0]
	at org.springframework.web.filter.OncePerRequestFilter.doFilter(OncePerRequestFilter.java:116) ~[spring-web-7.0.8.jar:7.0.8]
	at org.springframework.security.web.FilterChainProxy$VirtualFilterChain.doFilter(FilterChainProxy.java:385) ~[spring-security-web-7.1.0.jar:7.1.0]
	at org.springframework.security.web.session.DisableEncodeUrlFilter.doFilterInternal(DisableEncodeUrlFilter.java:42) ~[spring-security-web-7.1.0.jar:7.1.0]
	at org.springframework.web.filter.OncePerRequestFilter.doFilter(OncePerRequestFilter.java:116) ~[spring-web-7.0.8.jar:7.0.8]
	at org.springframework.security.web.FilterChainProxy$VirtualFilterChain.doFilter(FilterChainProxy.java:385) ~[spring-security-web-7.1.0.jar:7.1.0]
	at org.springframework.security.web.FilterChainProxy.doFilterInternal(FilterChainProxy.java:237) ~[spring-security-web-7.1.0.jar:7.1.0]
	at org.springframework.security.web.FilterChainProxy.doFilter(FilterChainProxy.java:195) ~[spring-security-web-7.1.0.jar:7.1.0]
	at org.springframework.web.filter.CompositeFilter$VirtualFilterChain.doFilter(CompositeFilter.java:113) ~[spring-web-7.0.8.jar:7.0.8]
	at org.springframework.web.filter.ServletRequestPathFilter.doFilter(ServletRequestPathFilter.java:52) ~[spring-web-7.0.8.jar:7.0.8]
	at org.springframework.web.filter.CompositeFilter$VirtualFilterChain.doFilter(CompositeFilter.java:113) ~[spring-web-7.0.8.jar:7.0.8]
	at org.springframework.web.filter.CompositeFilter.doFilter(CompositeFilter.java:74) ~[spring-web-7.0.8.jar:7.0.8]
	at org.springframework.security.config.annotation.web.configuration.WebSecurityConfiguration$CompositeFilterChainProxy.doFilter(WebSecurityConfiguration.java:317) ~[spring-security-config-7.1.0.jar:7.1.0]
	at org.springframework.web.filter.DelegatingFilterProxy.invokeDelegate(DelegatingFilterProxy.java:355) ~[spring-web-7.0.8.jar:7.0.8]
	at org.springframework.web.filter.DelegatingFilterProxy.doFilter(DelegatingFilterProxy.java:272) ~[spring-web-7.0.8.jar:7.0.8]
	at org.apache.catalina.core.ApplicationFilterChain.doFilter(ApplicationFilterChain.java:107) ~[tomcat-embed-core-11.0.22.jar:11.0.22]
	at org.springframework.web.filter.RequestContextFilter.doFilterInternal(RequestContextFilter.java:100) ~[spring-web-7.0.8.jar:7.0.8]
	at org.springframework.web.filter.OncePerRequestFilter.doFilter(OncePerRequestFilter.java:116) ~[spring-web-7.0.8.jar:7.0.8]
	at org.apache.catalina.core.ApplicationFilterChain.doFilter(ApplicationFilterChain.java:107) ~[tomcat-embed-core-11.0.22.jar:11.0.22]
	at org.springframework.web.filter.FormContentFilter.doFilterInternal(FormContentFilter.java:93) ~[spring-web-7.0.8.jar:7.0.8]
	at org.springframework.web.filter.OncePerRequestFilter.doFilter(OncePerRequestFilter.java:116) ~[spring-web-7.0.8.jar:7.0.8]
	at org.apache.catalina.core.ApplicationFilterChain.doFilter(ApplicationFilterChain.java:107) ~[tomcat-embed-core-11.0.22.jar:11.0.22]
	at org.springframework.web.filter.CharacterEncodingFilter.doFilterInternal(CharacterEncodingFilter.java:199) ~[spring-web-7.0.8.jar:7.0.8]
	at org.springframework.web.filter.OncePerRequestFilter.doFilter(OncePerRequestFilter.java:116) ~[spring-web-7.0.8.jar:7.0.8]
	at org.apache.catalina.core.ApplicationFilterChain.doFilter(ApplicationFilterChain.java:107) ~[tomcat-embed-core-11.0.22.jar:11.0.22]
	at org.apache.catalina.core.StandardWrapperValve.invoke(StandardWrapperValve.java:165) ~[tomcat-embed-core-11.0.22.jar:11.0.22]
	at org.apache.catalina.core.StandardContextValve.invoke(StandardContextValve.java:77) ~[tomcat-embed-core-11.0.22.jar:11.0.22]
	at org.apache.catalina.authenticator.AuthenticatorBase.invoke(AuthenticatorBase.java:492) ~[tomcat-embed-core-11.0.22.jar:11.0.22]
	at org.apache.catalina.core.StandardHostValve.invoke(StandardHostValve.java:113) ~[tomcat-embed-core-11.0.22.jar:11.0.22]
	at org.apache.catalina.valves.ErrorReportValve.invoke(ErrorReportValve.java:83) ~[tomcat-embed-core-11.0.22.jar:11.0.22]
	at org.apache.catalina.core.StandardEngineValve.invoke(StandardEngineValve.java:72) ~[tomcat-embed-core-11.0.22.jar:11.0.22]
	at org.apache.catalina.connector.CoyoteAdapter.service(CoyoteAdapter.java:341) ~[tomcat-embed-core-11.0.22.jar:11.0.22]
	at org.apache.coyote.http11.Http11Processor.service(Http11Processor.java:397) ~[tomcat-embed-core-11.0.22.jar:11.0.22]
	at org.apache.coyote.AbstractProcessorLight.process(AbstractProcessorLight.java:63) ~[tomcat-embed-core-11.0.22.jar:11.0.22]
	at org.apache.coyote.AbstractProtocol$ConnectionHandler.process(AbstractProtocol.java:1272) ~[tomcat-embed-core-11.0.22.jar:11.0.22]
	at org.apache.tomcat.util.net.NioEndpoint$SocketProcessor.doRun(NioEndpoint.java:1801) ~[tomcat-embed-core-11.0.22.jar:11.0.22]
	at org.apache.tomcat.util.net.SocketProcessorBase.run(SocketProcessorBase.java:52) ~[tomcat-embed-core-11.0.22.jar:11.0.22]
	at org.apache.tomcat.util.threads.ThreadPoolExecutor.runWorker(ThreadPoolExecutor.java:946) ~[tomcat-embed-core-11.0.22.jar:11.0.22]
	at org.apache.tomcat.util.threads.ThreadPoolExecutor$Worker.run(ThreadPoolExecutor.java:480) ~[tomcat-embed-core-11.0.22.jar:11.0.22]
	at org.apache.tomcat.util.threads.TaskThread$WrappingRunnable.run(TaskThread.java:57) ~[tomcat-embed-core-11.0.22.jar:11.0.22]
	at java.base/java.lang.Thread.run(Thread.java:1583) ~[na:na]
Caused by: tools.jackson.databind.exc.InvalidFormatException: Cannot deserialize value of type `org.program.pair.domain.activity.ActivityFormat` from String "BOTH": not one of the values accepted for Enum class: [ANY, DUO, GROUP, SOLO]
 at [Source: REDACTED (`StreamReadFeature.INCLUDE_SOURCE_IN_LOCATION` disabled); byte offset: #200] (through reference chain: org.program.pair.domain.activity.dto.UpsertUserActivityRequest["format"])
	at tools.jackson.databind.exc.InvalidFormatException.from(InvalidFormatException.java:37) ~[jackson-databind-3.1.4.jar:3.1.4]
	at tools.jackson.databind.DeserializationContext.weirdStringException(DeserializationContext.java:2063) ~[jackson-databind-3.1.4.jar:3.1.4]
	at tools.jackson.databind.DeserializationContext.handleWeirdStringValue(DeserializationContext.java:1354) ~[jackson-databind-3.1.4.jar:3.1.4]
	at tools.jackson.databind.deser.jdk.EnumDeserializer._deserializeAltString(EnumDeserializer.java:371) ~[jackson-databind-3.1.4.jar:3.1.4]
	at tools.jackson.databind.deser.jdk.EnumDeserializer._fromString(EnumDeserializer.java:230) ~[jackson-databind-3.1.4.jar:3.1.4]
	at tools.jackson.databind.deser.jdk.EnumDeserializer.deserialize(EnumDeserializer.java:195) ~[jackson-databind-3.1.4.jar:3.1.4]
	at tools.jackson.databind.deser.SettableBeanProperty.deserialize(SettableBeanProperty.java:569) ~[jackson-databind-3.1.4.jar:3.1.4]
	at tools.jackson.databind.deser.bean.BeanDeserializer._deserializeWithErrorWrapping(BeanDeserializer.java:879) ~[jackson-databind-3.1.4.jar:3.1.4]
	at tools.jackson.databind.deser.bean.BeanDeserializer._deserializeUsingPropertyBased(BeanDeserializer.java:730) ~[jackson-databind-3.1.4.jar:3.1.4]
	at tools.jackson.databind.deser.bean.BeanDeserializerBase.deserializeFromObjectUsingNonDefault(BeanDeserializerBase.java:1509) ~[jackson-databind-3.1.4.jar:3.1.4]
	at tools.jackson.databind.deser.bean.BeanDeserializer.deserializeFromObject(BeanDeserializer.java:605) ~[jackson-databind-3.1.4.jar:3.1.4]
	at tools.jackson.databind.deser.bean.BeanDeserializer.deserialize(BeanDeserializer.java:200) ~[jackson-databind-3.1.4.jar:3.1.4]
	at tools.jackson.databind.deser.DeserializationContextExt.readRootValue(DeserializationContextExt.java:266) ~[jackson-databind-3.1.4.jar:3.1.4]
	at tools.jackson.databind.ObjectReader._bindAndClose(ObjectReader.java:1888) ~[jackson-databind-3.1.4.jar:3.1.4]
	at tools.jackson.databind.ObjectReader.readValue(ObjectReader.java:1270) ~[jackson-databind-3.1.4.jar:3.1.4]
	at org.springframework.http.converter.AbstractJacksonHttpMessageConverter.readJavaType(AbstractJacksonHttpMessageConverter.java:352) ~[spring-web-7.0.8.jar:7.0.8]
	... 94 common frames omitted

2026-06-22T22:31:13.935+02:00  WARN 5028 --- [Pair] [io-8090-exec-10] .m.m.a.ExceptionHandlerExceptionResolver : Resolved [org.springframework.http.converter.HttpMessageNotReadableException: JSON parse error: Cannot deserialize value of type `org.program.pair.domain.activity.ActivityFormat` from String "BOTH": not one of the values accepted for Enum class: [ANY, DUO, GROUP, SOLO]]
2026-06-22T22:36:44.279+02:00  INFO 5028 --- [Pair] [   File Watcher] rtingClassPathChangeChangedEventListener : Restarting due to 120 class path changes (0 additions, 120 deletions, 0 modifications)
2026-06-22T22:36:44.302+02:00  INFO 5028 --- [Pair] [       Thread-1] o.s.boot.tomcat.GracefulShutdown         : Commencing graceful shutdown. Waiting for active requests to complete
2026-06-22T22:36:44.325+02:00  INFO 5028 --- [Pair] [tomcat-shutdown] o.s.boot.tomcat.GracefulShutdown         : Graceful shutdown complete
2026-06-22T22:36:44.343+02:00  INFO 5028 --- [Pair] [       Thread-1] j.LocalContainerEntityManagerFactoryBean : Closing JPA EntityManagerFactory for persistence unit 'default'
2026-06-22T22:36:44.353+02:00  INFO 5028 --- [Pair] [       Thread-1] com.zaxxer.hikari.HikariDataSource       : HikariPool-1 - Shutdown initiated...
2026-06-22T22:36:44.363+02:00  INFO 5028 --- [Pair] [       Thread-1] com.zaxxer.hikari.HikariDataSource       : HikariPool-1 - Shutdown completed.

  .   ____          _            __ _ _
 /\\ / ___'_ __ _ _(_)_ __  __ _ \ \ \ \
( ( )\___ | '_ | '_| | '_ \/ _` | \ \ \ \
 \\/  ___)| |_)| | | | | || (_| |  ) ) ) )
  '  |____| .__|_| |_|_| |_\__, | / / / /
 =========|_|==============|___/=/_/_/_/

 :: Spring Boot ::                (v4.1.0)

2026-06-22T22:36:44.648+02:00  INFO 5028 --- [Pair] [  restartedMain] org.program.pair.PairApplication         : Starting PairApplication using Java 21.0.1 with PID 5028 (C:\Users\paric\Downloads\core-spring-labfiles\core-spring-labfiles\Pair\target\classes started by paric in C:\Users\paric\Downloads\core-spring-labfiles\core-spring-labfiles\Pair)
2026-06-22T22:36:44.648+02:00  INFO 5028 --- [Pair] [  restartedMain] org.program.pair.PairApplication         : No active profile set, falling back to 1 default profile: "default"
2026-06-22T22:36:45.135+02:00  INFO 5028 --- [Pair] [  restartedMain] .s.d.r.c.RepositoryConfigurationDelegate : Bootstrapping Spring Data JPA repositories in DEFAULT mode.
2026-06-22T22:36:45.156+02:00  INFO 5028 --- [Pair] [  restartedMain] .s.d.r.c.RepositoryConfigurationDelegate : Finished Spring Data repository scanning in 16 ms. Found 0 JPA repository interfaces.
2026-06-22T22:36:45.468+02:00  INFO 5028 --- [Pair] [  restartedMain] o.s.boot.tomcat.TomcatWebServer          : Tomcat initialized with port 8090 (http)
2026-06-22T22:36:45.473+02:00  INFO 5028 --- [Pair] [  restartedMain] o.apache.catalina.core.StandardService   : Starting service [Tomcat]
2026-06-22T22:36:45.473+02:00  INFO 5028 --- [Pair] [  restartedMain] o.apache.catalina.core.StandardEngine    : Starting Servlet engine: [Apache Tomcat/11.0.22]
2026-06-22T22:36:45.546+02:00  INFO 5028 --- [Pair] [  restartedMain] b.w.c.s.WebApplicationContextInitializer : Root WebApplicationContext: initialization completed in 892 ms
2026-06-22T22:36:45.691+02:00  INFO 5028 --- [Pair] [  restartedMain] org.hibernate.orm.jpa                    : HHH008540: Processing PersistenceUnitInfo [name: default]
2026-06-22T22:36:45.760+02:00  INFO 5028 --- [Pair] [  restartedMain] o.h.spatial.integration.SpatialService   : HHH80000001: Hibernate Spatial integration enabled: true
2026-06-22T22:36:45.895+02:00  INFO 5028 --- [Pair] [  restartedMain] com.zaxxer.hikari.HikariDataSource       : HikariPool-2 - Starting...
2026-06-22T22:36:46.030+02:00  INFO 5028 --- [Pair] [  restartedMain] com.zaxxer.hikari.pool.HikariPool        : HikariPool-2 - Added connection org.postgresql.jdbc.PgConnection@564362b
2026-06-22T22:36:46.031+02:00  INFO 5028 --- [Pair] [  restartedMain] com.zaxxer.hikari.HikariDataSource       : HikariPool-2 - Start completed.
2026-06-22T22:36:46.056+02:00  WARN 5028 --- [Pair] [  restartedMain] org.hibernate.orm.deprecation            : HHH90000025: PostgreSQLDialect does not need to be specified explicitly using 'hibernate.dialect' (remove the property setting and it will be selected by default)
2026-06-22T22:36:46.081+02:00  INFO 5028 --- [Pair] [  restartedMain] org.hibernate.orm.connections.pooling    : HHH10001005: Database info:
	Database JDBC URL [jdbc:postgresql://localhost:5432/pair_db]
	Database driver: PostgreSQL JDBC Driver
	Database dialect: PostgreSQLDialect
	Database version: 18.4
	Default catalog/schema: pair_db/public
	Autocommit mode: undefined/unknown
	Isolation level: READ_COMMITTED [default READ_COMMITTED]
	JDBC fetch size: none
	Pool: DataSourceConnectionProvider
	Minimum pool size: undefined/unknown
	Maximum pool size: undefined/unknown
2026-06-22T22:36:46.103+02:00  INFO 5028 --- [Pair] [  restartedMain] o.s.o.j.p.SpringPersistenceUnitInfo      : No LoadTimeWeaver setup: ignoring JPA class transformer
2026-06-22T22:36:46.108+02:00  INFO 5028 --- [Pair] [  restartedMain] org.hibernate.orm.incubating             : HHH90006001: Setting 'hibernate.type.preferred_instant_jdbc_type' is still incubating (see Javadoc of corresponding member of 'org.hibernate.cfg.AvailableSettings')
2026-06-22T22:36:46.113+02:00  INFO 5028 --- [Pair] [  restartedMain] org.hibernate.orm.incubating             : HHH90006001: Setting 'hibernate.type.preferred_instant_jdbc_type' is still incubating (see Javadoc of corresponding member of 'org.hibernate.cfg.AvailableSettings')
2026-06-22T22:36:46.218+02:00  INFO 5028 --- [Pair] [  restartedMain] org.hibernate.orm.core                   : HHH000489: No JTA platform available (set 'hibernate.transaction.jta.platform' to enable JTA platform integration)
2026-06-22T22:36:46.225+02:00  INFO 5028 --- [Pair] [  restartedMain] j.LocalContainerEntityManagerFactoryBean : Initialized JPA EntityManagerFactory for persistence unit 'default'
2026-06-22T22:36:46.652+02:00  WARN 5028 --- [Pair] [  restartedMain] JpaBaseConfiguration$JpaWebConfiguration : spring.jpa.open-in-view is enabled by default. Therefore, database queries may be performed during view rendering. Explicitly configure spring.jpa.open-in-view to disable this warning
2026-06-22T22:36:47.227+02:00  WARN 5028 --- [Pair] [  restartedMain] .s.a.UserDetailsServiceAutoConfiguration : 

Using generated security password: e602067c-bfbc-4d87-9b1c-e01ee395e725

This generated password is for development use only. Your security configuration must be updated before running your application in production.

2026-06-22T22:36:47.305+02:00  INFO 5028 --- [Pair] [  restartedMain] r$InitializeUserDetailsManagerConfigurer : Global AuthenticationManager configured with UserDetailsService bean with name inMemoryUserDetailsManager
2026-06-22T22:36:47.888+02:00  INFO 5028 --- [Pair] [  restartedMain] o.s.boot.tomcat.TomcatWebServer          : Tomcat started on port 8090 (http) with context path '/'
2026-06-22T22:36:47.908+02:00  INFO 5028 --- [Pair] [  restartedMain] org.program.pair.PairApplication         : Started PairApplication in 3.355 seconds (process running for 373.528)
2026-06-22T22:36:47.918+02:00  INFO 5028 --- [Pair] [  restartedMain] .ConditionEvaluationDeltaLoggingListener : Condition evaluation delta:


==========================
CONDITION EVALUATION DELTA
==========================


Positive matches:
-----------------

   DataJpaRepositoriesAutoConfiguration matched:
      - @ConditionalOnClass found required class 'org.springframework.data.jpa.repository.JpaRepository' (OnClassCondition)
      - @ConditionalOnBooleanProperty (spring.data.jpa.repositories.enabled=true) matched (OnPropertyCondition)
      - @ConditionalOnBean (types: javax.sql.DataSource; SearchStrategy: all) found bean 'dataSource'; @ConditionalOnMissingBean (types: org.springframework.data.jpa.repository.support.JpaRepositoryFactoryBean,org.springframework.data.jpa.repository.config.JpaRepositoryConfigExtension; SearchStrategy: all) did not find any beans (OnBeanCondition)

   ServletWebSecurityAutoConfiguration.EnableWebSecurityConfiguration matched:
      - @ConditionalOnClass found required class 'org.springframework.security.config.annotation.web.configuration.EnableWebSecurity' (OnClassCondition)
      - @ConditionalOnMissingBean (names: springSecurityFilterChain; SearchStrategy: all) did not find any beans (OnBeanCondition)

   ServletWebSecurityAutoConfiguration.SecurityFilterChainConfiguration matched:
      - AllNestedConditions 2 matched 0 did not; NestedCondition on DefaultWebSecurityCondition.Beans @ConditionalOnMissingBean (types: org.springframework.security.web.SecurityFilterChain; SearchStrategy: all) did not find any beans; NestedCondition on DefaultWebSecurityCondition.Classes @ConditionalOnClass found required classes 'org.springframework.security.web.SecurityFilterChain', 'org.springframework.security.config.annotation.web.builders.HttpSecurity' (DefaultWebSecurityCondition)

   TransactionAutoConfiguration.EnableTransactionManagementConfiguration matched:
      - @ConditionalOnBean (types: org.springframework.transaction.TransactionManager; SearchStrategy: all) found bean 'transactionManager'; @ConditionalOnMissingBean (types: org.springframework.transaction.annotation.AbstractTransactionManagementConfiguration; SearchStrategy: all) did not find any beans (OnBeanCondition)

   TransactionAutoConfiguration.EnableTransactionManagementConfiguration.CglibAutoProxyConfiguration matched:
      - @ConditionalOnBooleanProperty (spring.aop.proxy-target-class=true) matched (OnPropertyCondition)

   UserDetailsServiceAutoConfiguration matched:
      - @ConditionalOnClass found required class 'org.springframework.security.authentication.AuthenticationManager' (OnClassCondition)
      - found 'session' scope (OnWebApplicationCondition)
      - AnyNestedCondition 1 matched 2 did not; NestedCondition on MissingAlternativeUserDetailsManagerOrUserPropertiesConfigured.PasswordConfigured @ConditionalOnProperty (spring.security.user.password) did not find property 'spring.security.user.password'; NestedCondition on MissingAlternativeUserDetailsManagerOrUserPropertiesConfigured.NameConfigured @ConditionalOnProperty (spring.security.user.name) did not find property 'spring.security.user.name'; NestedCondition on MissingAlternativeUserDetailsManagerOrUserPropertiesConfigured.MissingAlternative @ConditionalOnMissingClass did not find unwanted classes 'org.springframework.security.oauth2.client.registration.ClientRegistrationRepository', 'org.springframework.security.oauth2.server.resource.introspection.OpaqueTokenIntrospector', 'org.springframework.security.saml2.provider.service.registration.RelyingPartyRegistrationRepository' (MissingAlternativeUserDetailsManagerOrUserPropertiesConfigured)
      - @ConditionalOnMissingBean (types: org.springframework.security.authentication.AuthenticationManager,org.springframework.security.authentication.AuthenticationProvider,org.springframework.security.core.userdetails.UserDetailsService,org.springframework.security.authentication.AuthenticationManagerResolver,org.springframework.security.oauth2.jwt.JwtDecoder; SearchStrategy: all) did not find any beans (OnBeanCondition)


Negative matches:
-----------------

   DataJpaRepositoriesAutoConfiguration#entityManagerFactoryBootstrapExecutorCustomizer:
      Did not match:
         - @ConditionalOnProperty (spring.data.jpa.repositories.bootstrap-mode=deferred) did not find property 'spring.data.jpa.repositories.bootstrap-mode' (OnPropertyCondition)


Exclusions:
-----------

    None


Unconditional classes:
----------------------

    None



2026-06-22T22:36:55.485+02:00  INFO 5028 --- [Pair] [   File Watcher] rtingClassPathChangeChangedEventListener : Restarting due to 67 class path changes (67 additions, 0 deletions, 0 modifications)
2026-06-22T22:36:55.486+02:00  INFO 5028 --- [Pair] [       Thread-5] o.s.boot.tomcat.GracefulShutdown         : Commencing graceful shutdown. Waiting for active requests to complete
2026-06-22T22:36:55.501+02:00  INFO 5028 --- [Pair] [tomcat-shutdown] o.s.boot.tomcat.GracefulShutdown         : Graceful shutdown complete
2026-06-22T22:36:55.503+02:00  INFO 5028 --- [Pair] [       Thread-5] j.LocalContainerEntityManagerFactoryBean : Closing JPA EntityManagerFactory for persistence unit 'default'
2026-06-22T22:36:55.505+02:00  INFO 5028 --- [Pair] [       Thread-5] com.zaxxer.hikari.HikariDataSource       : HikariPool-2 - Shutdown initiated...
2026-06-22T22:36:55.508+02:00  INFO 5028 --- [Pair] [       Thread-5] com.zaxxer.hikari.HikariDataSource       : HikariPool-2 - Shutdown completed.

  .   ____          _            __ _ _
 /\\ / ___'_ __ _ _(_)_ __  __ _ \ \ \ \
( ( )\___ | '_ | '_| | '_ \/ _` | \ \ \ \
 \\/  ___)| |_)| | | | | || (_| |  ) ) ) )
  '  |____| .__|_| |_|_| |_\__, | / / / /
 =========|_|==============|___/=/_/_/_/

 :: Spring Boot ::                (v4.1.0)

2026-06-22T22:36:55.669+02:00  INFO 5028 --- [Pair] [  restartedMain] org.program.pair.PairApplication         : Starting PairApplication using Java 21.0.1 with PID 5028 (C:\Users\paric\Downloads\core-spring-labfiles\core-spring-labfiles\Pair\target\classes started by paric in C:\Users\paric\Downloads\core-spring-labfiles\core-spring-labfiles\Pair)
2026-06-22T22:36:55.671+02:00  INFO 5028 --- [Pair] [  restartedMain] org.program.pair.PairApplication         : No active profile set, falling back to 1 default profile: "default"
2026-06-22T22:36:55.958+02:00  INFO 5028 --- [Pair] [  restartedMain] .s.d.r.c.RepositoryConfigurationDelegate : Bootstrapping Spring Data JPA repositories in DEFAULT mode.
2026-06-22T22:36:55.991+02:00  INFO 5028 --- [Pair] [  restartedMain] .s.d.r.c.RepositoryConfigurationDelegate : Finished Spring Data repository scanning in 31 ms. Found 5 JPA repository interfaces.
2026-06-22T22:36:56.222+02:00  INFO 5028 --- [Pair] [  restartedMain] o.s.boot.tomcat.TomcatWebServer          : Tomcat initialized with port 8090 (http)
2026-06-22T22:36:56.223+02:00  INFO 5028 --- [Pair] [  restartedMain] o.apache.catalina.core.StandardService   : Starting service [Tomcat]
2026-06-22T22:36:56.223+02:00  INFO 5028 --- [Pair] [  restartedMain] o.apache.catalina.core.StandardEngine    : Starting Servlet engine: [Apache Tomcat/11.0.22]
2026-06-22T22:36:56.260+02:00  INFO 5028 --- [Pair] [  restartedMain] b.w.c.s.WebApplicationContextInitializer : Root WebApplicationContext: initialization completed in 585 ms
2026-06-22T22:36:56.349+02:00  INFO 5028 --- [Pair] [  restartedMain] org.hibernate.orm.jpa                    : HHH008540: Processing PersistenceUnitInfo [name: default]
2026-06-22T22:36:56.357+02:00  INFO 5028 --- [Pair] [  restartedMain] o.h.spatial.integration.SpatialService   : HHH80000001: Hibernate Spatial integration enabled: true
2026-06-22T22:36:56.426+02:00  INFO 5028 --- [Pair] [  restartedMain] com.zaxxer.hikari.HikariDataSource       : HikariPool-3 - Starting...
2026-06-22T22:36:56.497+02:00  INFO 5028 --- [Pair] [  restartedMain] com.zaxxer.hikari.pool.HikariPool        : HikariPool-3 - Added connection org.postgresql.jdbc.PgConnection@38df311b
2026-06-22T22:36:56.497+02:00  INFO 5028 --- [Pair] [  restartedMain] com.zaxxer.hikari.HikariDataSource       : HikariPool-3 - Start completed.
2026-06-22T22:36:56.513+02:00  WARN 5028 --- [Pair] [  restartedMain] org.hibernate.orm.deprecation            : HHH90000025: PostgreSQLDialect does not need to be specified explicitly using 'hibernate.dialect' (remove the property setting and it will be selected by default)
2026-06-22T22:36:56.527+02:00  INFO 5028 --- [Pair] [  restartedMain] org.hibernate.orm.connections.pooling    : HHH10001005: Database info:
	Database JDBC URL [jdbc:postgresql://localhost:5432/pair_db]
	Database driver: PostgreSQL JDBC Driver
	Database dialect: PostgreSQLDialect
	Database version: 18.4
	Default catalog/schema: pair_db/public
	Autocommit mode: undefined/unknown
	Isolation level: READ_COMMITTED [default READ_COMMITTED]
	JDBC fetch size: none
	Pool: DataSourceConnectionProvider
	Minimum pool size: undefined/unknown
	Maximum pool size: undefined/unknown
2026-06-22T22:36:56.538+02:00  INFO 5028 --- [Pair] [  restartedMain] o.s.o.j.p.SpringPersistenceUnitInfo      : No LoadTimeWeaver setup: ignoring JPA class transformer
2026-06-22T22:36:56.540+02:00  INFO 5028 --- [Pair] [  restartedMain] org.hibernate.orm.incubating             : HHH90006001: Setting 'hibernate.type.preferred_instant_jdbc_type' is still incubating (see Javadoc of corresponding member of 'org.hibernate.cfg.AvailableSettings')
2026-06-22T22:36:56.741+02:00  INFO 5028 --- [Pair] [  restartedMain] org.hibernate.orm.incubating             : HHH90006001: Setting 'hibernate.type.preferred_instant_jdbc_type' is still incubating (see Javadoc of corresponding member of 'org.hibernate.cfg.AvailableSettings')
2026-06-22T22:36:56.741+02:00  INFO 5028 --- [Pair] [  restartedMain] org.hibernate.orm.incubating             : HHH90006001: Setting 'hibernate.type.preferred_instant_jdbc_type' is still incubating (see Javadoc of corresponding member of 'org.hibernate.cfg.AvailableSettings')
2026-06-22T22:36:56.743+02:00  INFO 5028 --- [Pair] [  restartedMain] org.hibernate.orm.incubating             : HHH90006001: Setting 'hibernate.type.preferred_instant_jdbc_type' is still incubating (see Javadoc of corresponding member of 'org.hibernate.cfg.AvailableSettings')
2026-06-22T22:36:56.743+02:00  INFO 5028 --- [Pair] [  restartedMain] org.hibernate.orm.incubating             : HHH90006001: Setting 'hibernate.type.preferred_instant_jdbc_type' is still incubating (see Javadoc of corresponding member of 'org.hibernate.cfg.AvailableSettings')
2026-06-22T22:36:56.743+02:00  INFO 5028 --- [Pair] [  restartedMain] org.hibernate.orm.incubating             : HHH90006001: Setting 'hibernate.type.preferred_instant_jdbc_type' is still incubating (see Javadoc of corresponding member of 'org.hibernate.cfg.AvailableSettings')
2026-06-22T22:36:56.743+02:00  INFO 5028 --- [Pair] [  restartedMain] org.hibernate.orm.incubating             : HHH90006001: Setting 'hibernate.type.preferred_instant_jdbc_type' is still incubating (see Javadoc of corresponding member of 'org.hibernate.cfg.AvailableSettings')
2026-06-22T22:36:56.743+02:00  INFO 5028 --- [Pair] [  restartedMain] org.hibernate.orm.incubating             : HHH90006001: Setting 'hibernate.type.preferred_instant_jdbc_type' is still incubating (see Javadoc of corresponding member of 'org.hibernate.cfg.AvailableSettings')
2026-06-22T22:36:56.743+02:00  INFO 5028 --- [Pair] [  restartedMain] org.hibernate.orm.incubating             : HHH90006001: Setting 'hibernate.type.preferred_instant_jdbc_type' is still incubating (see Javadoc of corresponding member of 'org.hibernate.cfg.AvailableSettings')
2026-06-22T22:36:56.744+02:00  INFO 5028 --- [Pair] [  restartedMain] org.hibernate.orm.incubating             : HHH90006001: Setting 'hibernate.type.preferred_instant_jdbc_type' is still incubating (see Javadoc of corresponding member of 'org.hibernate.cfg.AvailableSettings')
2026-06-22T22:36:56.745+02:00  INFO 5028 --- [Pair] [  restartedMain] org.hibernate.orm.incubating             : HHH90006001: Setting 'hibernate.type.preferred_instant_jdbc_type' is still incubating (see Javadoc of corresponding member of 'org.hibernate.cfg.AvailableSettings')
2026-06-22T22:36:56.745+02:00  INFO 5028 --- [Pair] [  restartedMain] org.hibernate.orm.incubating             : HHH90006001: Setting 'hibernate.type.preferred_instant_jdbc_type' is still incubating (see Javadoc of corresponding member of 'org.hibernate.cfg.AvailableSettings')
2026-06-22T22:36:56.747+02:00  INFO 5028 --- [Pair] [  restartedMain] org.hibernate.orm.incubating             : HHH90006001: Setting 'hibernate.type.preferred_instant_jdbc_type' is still incubating (see Javadoc of corresponding member of 'org.hibernate.cfg.AvailableSettings')
2026-06-22T22:36:56.749+02:00  INFO 5028 --- [Pair] [  restartedMain] org.hibernate.orm.incubating             : HHH90006001: Setting 'hibernate.type.preferred_instant_jdbc_type' is still incubating (see Javadoc of corresponding member of 'org.hibernate.cfg.AvailableSettings')
2026-06-22T22:36:56.753+02:00  INFO 5028 --- [Pair] [  restartedMain] org.hibernate.orm.incubating             : HHH90006001: Setting 'hibernate.type.preferred_instant_jdbc_type' is still incubating (see Javadoc of corresponding member of 'org.hibernate.cfg.AvailableSettings')
2026-06-22T22:36:56.755+02:00  INFO 5028 --- [Pair] [  restartedMain] org.hibernate.orm.incubating             : HHH90006001: Setting 'hibernate.type.preferred_instant_jdbc_type' is still incubating (see Javadoc of corresponding member of 'org.hibernate.cfg.AvailableSettings')
2026-06-22T22:36:56.756+02:00  INFO 5028 --- [Pair] [  restartedMain] org.hibernate.orm.incubating             : HHH90006001: Setting 'hibernate.type.preferred_instant_jdbc_type' is still incubating (see Javadoc of corresponding member of 'org.hibernate.cfg.AvailableSettings')
2026-06-22T22:36:56.758+02:00  INFO 5028 --- [Pair] [  restartedMain] org.hibernate.orm.incubating             : HHH90006001: Setting 'hibernate.type.preferred_instant_jdbc_type' is still incubating (see Javadoc of corresponding member of 'org.hibernate.cfg.AvailableSettings')
2026-06-22T22:36:56.758+02:00  INFO 5028 --- [Pair] [  restartedMain] org.hibernate.orm.incubating             : HHH90006001: Setting 'hibernate.type.preferred_instant_jdbc_type' is still incubating (see Javadoc of corresponding member of 'org.hibernate.cfg.AvailableSettings')
2026-06-22T22:36:56.759+02:00  INFO 5028 --- [Pair] [  restartedMain] org.hibernate.orm.incubating             : HHH90006001: Setting 'hibernate.type.preferred_instant_jdbc_type' is still incubating (see Javadoc of corresponding member of 'org.hibernate.cfg.AvailableSettings')
2026-06-22T22:36:56.760+02:00  INFO 5028 --- [Pair] [  restartedMain] org.hibernate.orm.incubating             : HHH90006001: Setting 'hibernate.type.preferred_instant_jdbc_type' is still incubating (see Javadoc of corresponding member of 'org.hibernate.cfg.AvailableSettings')
2026-06-22T22:36:56.767+02:00  INFO 5028 --- [Pair] [  restartedMain] org.hibernate.orm.incubating             : HHH90006001: Setting 'hibernate.type.preferred_instant_jdbc_type' is still incubating (see Javadoc of corresponding member of 'org.hibernate.cfg.AvailableSettings')
2026-06-22T22:36:57.191+02:00  INFO 5028 --- [Pair] [  restartedMain] org.hibernate.orm.core                   : HHH000489: No JTA platform available (set 'hibernate.transaction.jta.platform' to enable JTA platform integration)
2026-06-22T22:36:57.194+02:00  INFO 5028 --- [Pair] [  restartedMain] j.LocalContainerEntityManagerFactoryBean : Initialized JPA EntityManagerFactory for persistence unit 'default'
2026-06-22T22:36:57.430+02:00  WARN 5028 --- [Pair] [  restartedMain] ConfigServletWebServerApplicationContext : Exception encountered during context initialization - cancelling refresh attempt: org.springframework.beans.factory.UnsatisfiedDependencyException: Error creating bean with name 'activityController' defined in file [C:\Users\paric\Downloads\core-spring-labfiles\core-spring-labfiles\Pair\target\classes\org\program\pair\domain\activity\ActivityController.class]: Unsatisfied dependency expressed through constructor parameter 0: Error creating bean with name 'activityService': Lookup method resolution failed
2026-06-22T22:36:57.430+02:00  INFO 5028 --- [Pair] [  restartedMain] j.LocalContainerEntityManagerFactoryBean : Closing JPA EntityManagerFactory for persistence unit 'default'
2026-06-22T22:36:57.431+02:00  INFO 5028 --- [Pair] [  restartedMain] com.zaxxer.hikari.HikariDataSource       : HikariPool-3 - Shutdown initiated...
2026-06-22T22:36:57.565+02:00  INFO 5028 --- [Pair] [  restartedMain] com.zaxxer.hikari.HikariDataSource       : HikariPool-3 - Shutdown completed.
2026-06-22T22:36:57.566+02:00  INFO 5028 --- [Pair] [  restartedMain] o.apache.catalina.core.StandardService   : Stopping service [Tomcat]
2026-06-22T22:36:57.578+02:00  INFO 5028 --- [Pair] [  restartedMain] .s.b.a.l.ConditionEvaluationReportLogger : 

Error starting ApplicationContext. To display the condition evaluation report re-run your application with 'debug' enabled.
2026-06-22T22:36:57.617+02:00 ERROR 5028 --- [Pair] [  restartedMain] o.s.boot.SpringApplication               : Application run failed

org.springframework.beans.factory.UnsatisfiedDependencyException: Error creating bean with name 'activityController' defined in file [C:\Users\paric\Downloads\core-spring-labfiles\core-spring-labfiles\Pair\target\classes\org\program\pair\domain\activity\ActivityController.class]: Unsatisfied dependency expressed through constructor parameter 0: Error creating bean with name 'activityService': Lookup method resolution failed
	at org.springframework.beans.factory.support.ConstructorResolver.createArgumentArray(ConstructorResolver.java:804) ~[spring-beans-7.0.8.jar:7.0.8]
	at org.springframework.beans.factory.support.ConstructorResolver.autowireConstructor(ConstructorResolver.java:240) ~[spring-beans-7.0.8.jar:7.0.8]
	at org.springframework.beans.factory.support.AbstractAutowireCapableBeanFactory.autowireConstructor(AbstractAutowireCapableBeanFactory.java:1380) ~[spring-beans-7.0.8.jar:7.0.8]
	at org.springframework.beans.factory.support.AbstractAutowireCapableBeanFactory.createBeanInstance(AbstractAutowireCapableBeanFactory.java:1219) ~[spring-beans-7.0.8.jar:7.0.8]
	at org.springframework.beans.factory.support.AbstractAutowireCapableBeanFactory.doCreateBean(AbstractAutowireCapableBeanFactory.java:565) ~[spring-beans-7.0.8.jar:7.0.8]
	at org.springframework.beans.factory.support.AbstractAutowireCapableBeanFactory.createBean(AbstractAutowireCapableBeanFactory.java:525) ~[spring-beans-7.0.8.jar:7.0.8]
	at org.springframework.beans.factory.support.AbstractBeanFactory.lambda$doGetBean$0(AbstractBeanFactory.java:333) ~[spring-beans-7.0.8.jar:7.0.8]
	at org.springframework.beans.factory.support.DefaultSingletonBeanRegistry.getSingleton(DefaultSingletonBeanRegistry.java:371) ~[spring-beans-7.0.8.jar:7.0.8]
	at org.springframework.beans.factory.support.AbstractBeanFactory.doGetBean(AbstractBeanFactory.java:331) ~[spring-beans-7.0.8.jar:7.0.8]
	at org.springframework.beans.factory.support.AbstractBeanFactory.getBean(AbstractBeanFactory.java:196) ~[spring-beans-7.0.8.jar:7.0.8]
	at org.springframework.beans.factory.support.DefaultListableBeanFactory.instantiateSingleton(DefaultListableBeanFactory.java:1225) ~[spring-beans-7.0.8.jar:7.0.8]
	at org.springframework.beans.factory.support.DefaultListableBeanFactory.preInstantiateSingleton(DefaultListableBeanFactory.java:1191) ~[spring-beans-7.0.8.jar:7.0.8]
	at org.springframework.beans.factory.support.DefaultListableBeanFactory.preInstantiateSingletons(DefaultListableBeanFactory.java:1121) ~[spring-beans-7.0.8.jar:7.0.8]
	at org.springframework.context.support.AbstractApplicationContext.finishBeanFactoryInitialization(AbstractApplicationContext.java:994) ~[spring-context-7.0.8.jar:7.0.8]
	at org.springframework.context.support.AbstractApplicationContext.refresh(AbstractApplicationContext.java:621) ~[spring-context-7.0.8.jar:7.0.8]
	at org.springframework.boot.web.server.servlet.context.ServletWebServerApplicationContext.refresh(ServletWebServerApplicationContext.java:143) ~[spring-boot-web-server-4.1.0.jar:4.1.0]
	at org.springframework.boot.SpringApplication.refresh(SpringApplication.java:756) ~[spring-boot-4.1.0.jar:4.1.0]
	at org.springframework.boot.SpringApplication.refreshContext(SpringApplication.java:445) ~[spring-boot-4.1.0.jar:4.1.0]
	at org.springframework.boot.SpringApplication.run(SpringApplication.java:321) ~[spring-boot-4.1.0.jar:4.1.0]
	at org.springframework.boot.SpringApplication.run(SpringApplication.java:1365) ~[spring-boot-4.1.0.jar:4.1.0]
	at org.springframework.boot.SpringApplication.run(SpringApplication.java:1354) ~[spring-boot-4.1.0.jar:4.1.0]
	at org.program.pair.PairApplication.main(PairApplication.java:10) ~[classes/:na]
	at java.base/jdk.internal.reflect.DirectMethodHandleAccessor.invoke(DirectMethodHandleAccessor.java:103) ~[na:na]
	at java.base/java.lang.reflect.Method.invoke(Method.java:580) ~[na:na]
	at org.springframework.boot.devtools.restart.RestartLauncher.run(RestartLauncher.java:52) ~[spring-boot-devtools-4.1.0.jar:4.1.0]
Caused by: org.springframework.beans.factory.BeanCreationException: Error creating bean with name 'activityService': Lookup method resolution failed
	at org.springframework.beans.factory.annotation.AutowiredAnnotationBeanPostProcessor.checkLookupMethods(AutowiredAnnotationBeanPostProcessor.java:482) ~[spring-beans-7.0.8.jar:7.0.8]
	at org.springframework.beans.factory.annotation.AutowiredAnnotationBeanPostProcessor.determineCandidateConstructors(AutowiredAnnotationBeanPostProcessor.java:352) ~[spring-beans-7.0.8.jar:7.0.8]
	at org.springframework.beans.factory.support.AbstractAutowireCapableBeanFactory.determineConstructorsFromBeanPostProcessors(AbstractAutowireCapableBeanFactory.java:1319) ~[spring-beans-7.0.8.jar:7.0.8]
	at org.springframework.beans.factory.support.AbstractAutowireCapableBeanFactory.createBeanInstance(AbstractAutowireCapableBeanFactory.java:1216) ~[spring-beans-7.0.8.jar:7.0.8]
	at org.springframework.beans.factory.support.AbstractAutowireCapableBeanFactory.doCreateBean(AbstractAutowireCapableBeanFactory.java:565) ~[spring-beans-7.0.8.jar:7.0.8]
	at org.springframework.beans.factory.support.AbstractAutowireCapableBeanFactory.createBean(AbstractAutowireCapableBeanFactory.java:525) ~[spring-beans-7.0.8.jar:7.0.8]
	at org.springframework.beans.factory.support.AbstractBeanFactory.lambda$doGetBean$0(AbstractBeanFactory.java:333) ~[spring-beans-7.0.8.jar:7.0.8]
	at org.springframework.beans.factory.support.DefaultSingletonBeanRegistry.getSingleton(DefaultSingletonBeanRegistry.java:371) ~[spring-beans-7.0.8.jar:7.0.8]
	at org.springframework.beans.factory.support.AbstractBeanFactory.doGetBean(AbstractBeanFactory.java:331) ~[spring-beans-7.0.8.jar:7.0.8]
	at org.springframework.beans.factory.support.AbstractBeanFactory.getBean(AbstractBeanFactory.java:201) ~[spring-beans-7.0.8.jar:7.0.8]
	at org.springframework.beans.factory.support.DefaultListableBeanFactory.resolveBean(DefaultListableBeanFactory.java:1232) ~[spring-beans-7.0.8.jar:7.0.8]
	at org.springframework.beans.factory.support.DefaultListableBeanFactory.doResolveDependency(DefaultListableBeanFactory.java:1711) ~[spring-beans-7.0.8.jar:7.0.8]
	at org.springframework.beans.factory.support.DefaultListableBeanFactory.resolveDependency(DefaultListableBeanFactory.java:1658) ~[spring-beans-7.0.8.jar:7.0.8]
	at org.springframework.beans.factory.support.ConstructorResolver.resolveAutowiredArgument(ConstructorResolver.java:912) ~[spring-beans-7.0.8.jar:7.0.8]
	at org.springframework.beans.factory.support.ConstructorResolver.createArgumentArray(ConstructorResolver.java:791) ~[spring-beans-7.0.8.jar:7.0.8]
	... 24 common frames omitted
Caused by: java.lang.IllegalStateException: Failed to introspect Class [org.program.pair.domain.activity.ActivityService] from ClassLoader [org.springframework.boot.devtools.restart.classloader.RestartClassLoader@171c4db]
	at org.springframework.util.ReflectionUtils.getDeclaredMethods(ReflectionUtils.java:483) ~[spring-core-7.0.8.jar:7.0.8]
	at org.springframework.util.ReflectionUtils.doWithLocalMethods(ReflectionUtils.java:320) ~[spring-core-7.0.8.jar:7.0.8]
	at org.springframework.beans.factory.annotation.AutowiredAnnotationBeanPostProcessor.checkLookupMethods(AutowiredAnnotationBeanPostProcessor.java:460) ~[spring-beans-7.0.8.jar:7.0.8]
	... 38 common frames omitted
Caused by: java.lang.NoClassDefFoundError: org/program/pair/shared/exception/ResourceNotFoundException
	at java.base/java.lang.Class.getDeclaredMethods0(Native Method) ~[na:na]
	at java.base/java.lang.Class.privateGetDeclaredMethods(Class.java:3578) ~[na:na]
	at java.base/java.lang.Class.getDeclaredMethods(Class.java:2676) ~[na:na]
	at org.springframework.util.ReflectionUtils.getDeclaredMethods(ReflectionUtils.java:465) ~[spring-core-7.0.8.jar:7.0.8]
	... 40 common frames omitted
Caused by: java.lang.ClassNotFoundException: org.program.pair.shared.exception.ResourceNotFoundException
	at java.base/jdk.internal.loader.BuiltinClassLoader.loadClass(BuiltinClassLoader.java:641) ~[na:na]
	at java.base/jdk.internal.loader.ClassLoaders$AppClassLoader.loadClass(ClassLoaders.java:188) ~[na:na]
	at java.base/java.lang.ClassLoader.loadClass(ClassLoader.java:526) ~[na:na]
	at java.base/java.lang.Class.forName0(Native Method) ~[na:na]
	at java.base/java.lang.Class.forName(Class.java:534) ~[na:na]
	at java.base/java.lang.Class.forName(Class.java:513) ~[na:na]
	at org.springframework.boot.devtools.restart.classloader.RestartClassLoader.loadClass(RestartClassLoader.java:123) ~[spring-boot-devtools-4.1.0.jar:4.1.0]
	at java.base/java.lang.ClassLoader.loadClass(ClassLoader.java:526) ~[na:na]
	... 44 common frames omitted


  .   ____          _            __ _ _
 /\\ / ___'_ __ _ _(_)_ __  __ _ \ \ \ \
( ( )\___ | '_ | '_| | '_ \/ _` | \ \ \ \
 \\/  ___)| |_)| | | | | || (_| |  ) ) ) )
  '  |____| .__|_| |_|_| |_\__, | / / / /
 =========|_|==============|___/=/_/_/_/

 :: Spring Boot ::                (v4.1.0)

2026-06-22T22:37:21.452+02:00  INFO 5028 --- [Pair] [  restartedMain] org.program.pair.PairApplication         : Starting PairApplication using Java 21.0.1 with PID 5028 (C:\Users\paric\Downloads\core-spring-labfiles\core-spring-labfiles\Pair\target\classes started by paric in C:\Users\paric\Downloads\core-spring-labfiles\core-spring-labfiles\Pair)
2026-06-22T22:37:21.452+02:00  INFO 5028 --- [Pair] [  restartedMain] org.program.pair.PairApplication         : No active profile set, falling back to 1 default profile: "default"
2026-06-22T22:37:21.945+02:00  INFO 5028 --- [Pair] [  restartedMain] .s.d.r.c.RepositoryConfigurationDelegate : Bootstrapping Spring Data JPA repositories in DEFAULT mode.
2026-06-22T22:37:21.968+02:00  INFO 5028 --- [Pair] [  restartedMain] .s.d.r.c.RepositoryConfigurationDelegate : Finished Spring Data repository scanning in 20 ms. Found 0 JPA repository interfaces.
2026-06-22T22:37:22.257+02:00  INFO 5028 --- [Pair] [  restartedMain] o.s.boot.tomcat.TomcatWebServer          : Tomcat initialized with port 8090 (http)
2026-06-22T22:37:22.262+02:00  INFO 5028 --- [Pair] [  restartedMain] o.apache.catalina.core.StandardService   : Starting service [Tomcat]
2026-06-22T22:37:22.263+02:00  INFO 5028 --- [Pair] [  restartedMain] o.apache.catalina.core.StandardEngine    : Starting Servlet engine: [Apache Tomcat/11.0.22]
2026-06-22T22:37:22.325+02:00  INFO 5028 --- [Pair] [  restartedMain] b.w.c.s.WebApplicationContextInitializer : Root WebApplicationContext: initialization completed in 869 ms
2026-06-22T22:37:22.471+02:00  INFO 5028 --- [Pair] [  restartedMain] org.hibernate.orm.jpa                    : HHH008540: Processing PersistenceUnitInfo [name: default]
2026-06-22T22:37:22.485+02:00  INFO 5028 --- [Pair] [  restartedMain] o.h.spatial.integration.SpatialService   : HHH80000001: Hibernate Spatial integration enabled: true
2026-06-22T22:37:22.583+02:00  INFO 5028 --- [Pair] [  restartedMain] com.zaxxer.hikari.HikariDataSource       : HikariPool-4 - Starting...
2026-06-22T22:37:22.720+02:00  INFO 5028 --- [Pair] [  restartedMain] com.zaxxer.hikari.pool.HikariPool        : HikariPool-4 - Added connection org.postgresql.jdbc.PgConnection@44a834f5
2026-06-22T22:37:22.721+02:00  INFO 5028 --- [Pair] [  restartedMain] com.zaxxer.hikari.HikariDataSource       : HikariPool-4 - Start completed.
2026-06-22T22:37:22.740+02:00  WARN 5028 --- [Pair] [  restartedMain] org.hibernate.orm.deprecation            : HHH90000025: PostgreSQLDialect does not need to be specified explicitly using 'hibernate.dialect' (remove the property setting and it will be selected by default)
2026-06-22T22:37:22.763+02:00  INFO 5028 --- [Pair] [  restartedMain] org.hibernate.orm.connections.pooling    : HHH10001005: Database info:
	Database JDBC URL [jdbc:postgresql://localhost:5432/pair_db]
	Database driver: PostgreSQL JDBC Driver
	Database dialect: PostgreSQLDialect
	Database version: 18.4
	Default catalog/schema: pair_db/public
	Autocommit mode: undefined/unknown
	Isolation level: READ_COMMITTED [default READ_COMMITTED]
	JDBC fetch size: none
	Pool: DataSourceConnectionProvider
	Minimum pool size: undefined/unknown
	Maximum pool size: undefined/unknown
2026-06-22T22:37:22.778+02:00  INFO 5028 --- [Pair] [  restartedMain] o.s.o.j.p.SpringPersistenceUnitInfo      : No LoadTimeWeaver setup: ignoring JPA class transformer
2026-06-22T22:37:22.780+02:00  INFO 5028 --- [Pair] [  restartedMain] org.hibernate.orm.incubating             : HHH90006001: Setting 'hibernate.type.preferred_instant_jdbc_type' is still incubating (see Javadoc of corresponding member of 'org.hibernate.cfg.AvailableSettings')
2026-06-22T22:37:22.786+02:00  INFO 5028 --- [Pair] [  restartedMain] org.hibernate.orm.incubating             : HHH90006001: Setting 'hibernate.type.preferred_instant_jdbc_type' is still incubating (see Javadoc of corresponding member of 'org.hibernate.cfg.AvailableSettings')
2026-06-22T22:37:22.859+02:00  INFO 5028 --- [Pair] [  restartedMain] org.hibernate.orm.core                   : HHH000489: No JTA platform available (set 'hibernate.transaction.jta.platform' to enable JTA platform integration)
2026-06-22T22:37:22.867+02:00  INFO 5028 --- [Pair] [  restartedMain] j.LocalContainerEntityManagerFactoryBean : Initialized JPA EntityManagerFactory for persistence unit 'default'
2026-06-22T22:37:23.013+02:00  WARN 5028 --- [Pair] [  restartedMain] JpaBaseConfiguration$JpaWebConfiguration : spring.jpa.open-in-view is enabled by default. Therefore, database queries may be performed during view rendering. Explicitly configure spring.jpa.open-in-view to disable this warning
2026-06-22T22:37:23.408+02:00  WARN 5028 --- [Pair] [  restartedMain] .s.a.UserDetailsServiceAutoConfiguration : 

Using generated security password: d77219dc-98c1-421c-b278-fa9a7198f017

This generated password is for development use only. Your security configuration must be updated before running your application in production.

2026-06-22T22:37:23.477+02:00  INFO 5028 --- [Pair] [  restartedMain] r$InitializeUserDetailsManagerConfigurer : Global AuthenticationManager configured with UserDetailsService bean with name inMemoryUserDetailsManager
2026-06-22T22:37:23.773+02:00  INFO 5028 --- [Pair] [  restartedMain] o.s.boot.tomcat.TomcatWebServer          : Tomcat started on port 8090 (http) with context path '/'
2026-06-22T22:37:23.778+02:00  INFO 5028 --- [Pair] [  restartedMain] org.program.pair.PairApplication         : Started PairApplication in 2.375 seconds (process running for 409.398)
2026-06-22T22:37:23.780+02:00  INFO 5028 --- [Pair] [  restartedMain] .ConditionEvaluationDeltaLoggingListener : Condition evaluation unchanged
2026-06-22T22:37:32.700+02:00  INFO 5028 --- [Pair] [   File Watcher] rtingClassPathChangeChangedEventListener : Restarting due to 129 class path changes (129 additions, 0 deletions, 0 modifications)
2026-06-22T22:37:32.702+02:00  INFO 5028 --- [Pair] [       Thread-9] o.s.boot.tomcat.GracefulShutdown         : Commencing graceful shutdown. Waiting for active requests to complete
2026-06-22T22:37:32.718+02:00  INFO 5028 --- [Pair] [tomcat-shutdown] o.s.boot.tomcat.GracefulShutdown         : Graceful shutdown complete
2026-06-22T22:37:32.720+02:00  INFO 5028 --- [Pair] [       Thread-9] j.LocalContainerEntityManagerFactoryBean : Closing JPA EntityManagerFactory for persistence unit 'default'
2026-06-22T22:37:32.721+02:00  INFO 5028 --- [Pair] [       Thread-9] com.zaxxer.hikari.HikariDataSource       : HikariPool-4 - Shutdown initiated...
2026-06-22T22:37:32.725+02:00  INFO 5028 --- [Pair] [       Thread-9] com.zaxxer.hikari.HikariDataSource       : HikariPool-4 - Shutdown completed.

  .   ____          _            __ _ _
 /\\ / ___'_ __ _ _(_)_ __  __ _ \ \ \ \
( ( )\___ | '_ | '_| | '_ \/ _` | \ \ \ \
 \\/  ___)| |_)| | | | | || (_| |  ) ) ) )
  '  |____| .__|_| |_|_| |_\__, | / / / /
 =========|_|==============|___/=/_/_/_/

 :: Spring Boot ::                (v4.1.0)

2026-06-22T22:37:32.860+02:00  INFO 5028 --- [Pair] [  restartedMain] org.program.pair.PairApplication         : Starting PairApplication using Java 21.0.1 with PID 5028 (C:\Users\paric\Downloads\core-spring-labfiles\core-spring-labfiles\Pair\target\classes started by paric in C:\Users\paric\Downloads\core-spring-labfiles\core-spring-labfiles\Pair)
2026-06-22T22:37:32.860+02:00  INFO 5028 --- [Pair] [  restartedMain] org.program.pair.PairApplication         : No active profile set, falling back to 1 default profile: "default"
2026-06-22T22:37:33.145+02:00  INFO 5028 --- [Pair] [  restartedMain] .s.d.r.c.RepositoryConfigurationDelegate : Bootstrapping Spring Data JPA repositories in DEFAULT mode.
2026-06-22T22:37:33.246+02:00  INFO 5028 --- [Pair] [  restartedMain] .s.d.r.c.RepositoryConfigurationDelegate : Finished Spring Data repository scanning in 100 ms. Found 19 JPA repository interfaces.
2026-06-22T22:37:33.485+02:00  INFO 5028 --- [Pair] [  restartedMain] o.s.boot.tomcat.TomcatWebServer          : Tomcat initialized with port 8090 (http)
2026-06-22T22:37:33.485+02:00  INFO 5028 --- [Pair] [  restartedMain] o.apache.catalina.core.StandardService   : Starting service [Tomcat]
2026-06-22T22:37:33.485+02:00  INFO 5028 --- [Pair] [  restartedMain] o.apache.catalina.core.StandardEngine    : Starting Servlet engine: [Apache Tomcat/11.0.22]
2026-06-22T22:37:33.517+02:00  INFO 5028 --- [Pair] [  restartedMain] b.w.c.s.WebApplicationContextInitializer : Root WebApplicationContext: initialization completed in 654 ms
2026-06-22T22:37:33.606+02:00  INFO 5028 --- [Pair] [  restartedMain] org.hibernate.orm.jpa                    : HHH008540: Processing PersistenceUnitInfo [name: default]
2026-06-22T22:37:33.612+02:00  INFO 5028 --- [Pair] [  restartedMain] o.h.spatial.integration.SpatialService   : HHH80000001: Hibernate Spatial integration enabled: true
2026-06-22T22:37:33.661+02:00  INFO 5028 --- [Pair] [  restartedMain] com.zaxxer.hikari.HikariDataSource       : HikariPool-5 - Starting...
2026-06-22T22:37:33.824+02:00  INFO 5028 --- [Pair] [  restartedMain] com.zaxxer.hikari.pool.HikariPool        : HikariPool-5 - Added connection org.postgresql.jdbc.PgConnection@feba360
2026-06-22T22:37:33.825+02:00  INFO 5028 --- [Pair] [  restartedMain] com.zaxxer.hikari.HikariDataSource       : HikariPool-5 - Start completed.
2026-06-22T22:37:33.838+02:00  WARN 5028 --- [Pair] [  restartedMain] org.hibernate.orm.deprecation            : HHH90000025: PostgreSQLDialect does not need to be specified explicitly using 'hibernate.dialect' (remove the property setting and it will be selected by default)
2026-06-22T22:37:33.851+02:00  INFO 5028 --- [Pair] [  restartedMain] org.hibernate.orm.connections.pooling    : HHH10001005: Database info:
	Database JDBC URL [jdbc:postgresql://localhost:5432/pair_db]
	Database driver: PostgreSQL JDBC Driver
	Database dialect: PostgreSQLDialect
	Database version: 18.4
	Default catalog/schema: pair_db/public
	Autocommit mode: undefined/unknown
	Isolation level: READ_COMMITTED [default READ_COMMITTED]
	JDBC fetch size: none
	Pool: DataSourceConnectionProvider
	Minimum pool size: undefined/unknown
	Maximum pool size: undefined/unknown
2026-06-22T22:37:33.862+02:00  INFO 5028 --- [Pair] [  restartedMain] o.s.o.j.p.SpringPersistenceUnitInfo      : No LoadTimeWeaver setup: ignoring JPA class transformer
2026-06-22T22:37:33.863+02:00  INFO 5028 --- [Pair] [  restartedMain] org.hibernate.orm.incubating             : HHH90006001: Setting 'hibernate.type.preferred_instant_jdbc_type' is still incubating (see Javadoc of corresponding member of 'org.hibernate.cfg.AvailableSettings')
2026-06-22T22:37:34.142+02:00  INFO 5028 --- [Pair] [  restartedMain] org.hibernate.orm.incubating             : HHH90006001: Setting 'hibernate.type.preferred_instant_jdbc_type' is still incubating (see Javadoc of corresponding member of 'org.hibernate.cfg.AvailableSettings')
2026-06-22T22:37:34.143+02:00  INFO 5028 --- [Pair] [  restartedMain] org.hibernate.orm.incubating             : HHH90006001: Setting 'hibernate.type.preferred_instant_jdbc_type' is still incubating (see Javadoc of corresponding member of 'org.hibernate.cfg.AvailableSettings')
2026-06-22T22:37:34.143+02:00  INFO 5028 --- [Pair] [  restartedMain] org.hibernate.orm.incubating             : HHH90006001: Setting 'hibernate.type.preferred_instant_jdbc_type' is still incubating (see Javadoc of corresponding member of 'org.hibernate.cfg.AvailableSettings')
2026-06-22T22:37:34.143+02:00  INFO 5028 --- [Pair] [  restartedMain] org.hibernate.orm.incubating             : HHH90006001: Setting 'hibernate.type.preferred_instant_jdbc_type' is still incubating (see Javadoc of corresponding member of 'org.hibernate.cfg.AvailableSettings')
2026-06-22T22:37:34.144+02:00  INFO 5028 --- [Pair] [  restartedMain] org.hibernate.orm.incubating             : HHH90006001: Setting 'hibernate.type.preferred_instant_jdbc_type' is still incubating (see Javadoc of corresponding member of 'org.hibernate.cfg.AvailableSettings')
2026-06-22T22:37:34.144+02:00  INFO 5028 --- [Pair] [  restartedMain] org.hibernate.orm.incubating             : HHH90006001: Setting 'hibernate.type.preferred_instant_jdbc_type' is still incubating (see Javadoc of corresponding member of 'org.hibernate.cfg.AvailableSettings')
2026-06-22T22:37:34.144+02:00  INFO 5028 --- [Pair] [  restartedMain] org.hibernate.orm.incubating             : HHH90006001: Setting 'hibernate.type.preferred_instant_jdbc_type' is still incubating (see Javadoc of corresponding member of 'org.hibernate.cfg.AvailableSettings')
2026-06-22T22:37:34.144+02:00  INFO 5028 --- [Pair] [  restartedMain] org.hibernate.orm.incubating             : HHH90006001: Setting 'hibernate.type.preferred_instant_jdbc_type' is still incubating (see Javadoc of corresponding member of 'org.hibernate.cfg.AvailableSettings')
2026-06-22T22:37:34.144+02:00  INFO 5028 --- [Pair] [  restartedMain] org.hibernate.orm.incubating             : HHH90006001: Setting 'hibernate.type.preferred_instant_jdbc_type' is still incubating (see Javadoc of corresponding member of 'org.hibernate.cfg.AvailableSettings')
2026-06-22T22:37:34.144+02:00  INFO 5028 --- [Pair] [  restartedMain] org.hibernate.orm.incubating             : HHH90006001: Setting 'hibernate.type.preferred_instant_jdbc_type' is still incubating (see Javadoc of corresponding member of 'org.hibernate.cfg.AvailableSettings')
2026-06-22T22:37:34.145+02:00  INFO 5028 --- [Pair] [  restartedMain] org.hibernate.orm.incubating             : HHH90006001: Setting 'hibernate.type.preferred_instant_jdbc_type' is still incubating (see Javadoc of corresponding member of 'org.hibernate.cfg.AvailableSettings')
2026-06-22T22:37:34.145+02:00  INFO 5028 --- [Pair] [  restartedMain] org.hibernate.orm.incubating             : HHH90006001: Setting 'hibernate.type.preferred_instant_jdbc_type' is still incubating (see Javadoc of corresponding member of 'org.hibernate.cfg.AvailableSettings')
2026-06-22T22:37:34.146+02:00  INFO 5028 --- [Pair] [  restartedMain] org.hibernate.orm.incubating             : HHH90006001: Setting 'hibernate.type.preferred_instant_jdbc_type' is still incubating (see Javadoc of corresponding member of 'org.hibernate.cfg.AvailableSettings')
2026-06-22T22:37:34.146+02:00  INFO 5028 --- [Pair] [  restartedMain] org.hibernate.orm.incubating             : HHH90006001: Setting 'hibernate.type.preferred_instant_jdbc_type' is still incubating (see Javadoc of corresponding member of 'org.hibernate.cfg.AvailableSettings')
2026-06-22T22:37:34.146+02:00  INFO 5028 --- [Pair] [  restartedMain] org.hibernate.orm.incubating             : HHH90006001: Setting 'hibernate.type.preferred_instant_jdbc_type' is still incubating (see Javadoc of corresponding member of 'org.hibernate.cfg.AvailableSettings')
2026-06-22T22:37:34.147+02:00  INFO 5028 --- [Pair] [  restartedMain] org.hibernate.orm.incubating             : HHH90006001: Setting 'hibernate.type.preferred_instant_jdbc_type' is still incubating (see Javadoc of corresponding member of 'org.hibernate.cfg.AvailableSettings')
2026-06-22T22:37:34.147+02:00  INFO 5028 --- [Pair] [  restartedMain] org.hibernate.orm.incubating             : HHH90006001: Setting 'hibernate.type.preferred_instant_jdbc_type' is still incubating (see Javadoc of corresponding member of 'org.hibernate.cfg.AvailableSettings')
2026-06-22T22:37:34.148+02:00  INFO 5028 --- [Pair] [  restartedMain] org.hibernate.orm.incubating             : HHH90006001: Setting 'hibernate.type.preferred_instant_jdbc_type' is still incubating (see Javadoc of corresponding member of 'org.hibernate.cfg.AvailableSettings')
2026-06-22T22:37:34.148+02:00  INFO 5028 --- [Pair] [  restartedMain] org.hibernate.orm.incubating             : HHH90006001: Setting 'hibernate.type.preferred_instant_jdbc_type' is still incubating (see Javadoc of corresponding member of 'org.hibernate.cfg.AvailableSettings')
2026-06-22T22:37:34.148+02:00  INFO 5028 --- [Pair] [  restartedMain] org.hibernate.orm.incubating             : HHH90006001: Setting 'hibernate.type.preferred_instant_jdbc_type' is still incubating (see Javadoc of corresponding member of 'org.hibernate.cfg.AvailableSettings')
2026-06-22T22:37:34.148+02:00  INFO 5028 --- [Pair] [  restartedMain] org.hibernate.orm.incubating             : HHH90006001: Setting 'hibernate.type.preferred_instant_jdbc_type' is still incubating (see Javadoc of corresponding member of 'org.hibernate.cfg.AvailableSettings')
2026-06-22T22:37:34.150+02:00  INFO 5028 --- [Pair] [  restartedMain] org.hibernate.orm.incubating             : HHH90006001: Setting 'hibernate.type.preferred_instant_jdbc_type' is still incubating (see Javadoc of corresponding member of 'org.hibernate.cfg.AvailableSettings')
2026-06-22T22:37:34.151+02:00  INFO 5028 --- [Pair] [  restartedMain] org.hibernate.orm.incubating             : HHH90006001: Setting 'hibernate.type.preferred_instant_jdbc_type' is still incubating (see Javadoc of corresponding member of 'org.hibernate.cfg.AvailableSettings')
2026-06-22T22:37:34.151+02:00  INFO 5028 --- [Pair] [  restartedMain] org.hibernate.orm.incubating             : HHH90006001: Setting 'hibernate.type.preferred_instant_jdbc_type' is still incubating (see Javadoc of corresponding member of 'org.hibernate.cfg.AvailableSettings')
2026-06-22T22:37:34.151+02:00  INFO 5028 --- [Pair] [  restartedMain] org.hibernate.orm.incubating             : HHH90006001: Setting 'hibernate.type.preferred_instant_jdbc_type' is still incubating (see Javadoc of corresponding member of 'org.hibernate.cfg.AvailableSettings')
2026-06-22T22:37:34.152+02:00  INFO 5028 --- [Pair] [  restartedMain] org.hibernate.orm.incubating             : HHH90006001: Setting 'hibernate.type.preferred_instant_jdbc_type' is still incubating (see Javadoc of corresponding member of 'org.hibernate.cfg.AvailableSettings')
2026-06-22T22:37:34.152+02:00  INFO 5028 --- [Pair] [  restartedMain] org.hibernate.orm.incubating             : HHH90006001: Setting 'hibernate.type.preferred_instant_jdbc_type' is still incubating (see Javadoc of corresponding member of 'org.hibernate.cfg.AvailableSettings')
2026-06-22T22:37:34.156+02:00  INFO 5028 --- [Pair] [  restartedMain] org.hibernate.orm.incubating             : HHH90006001: Setting 'hibernate.type.preferred_instant_jdbc_type' is still incubating (see Javadoc of corresponding member of 'org.hibernate.cfg.AvailableSettings')
2026-06-22T22:37:34.566+02:00  INFO 5028 --- [Pair] [  restartedMain] org.hibernate.orm.core                   : HHH000489: No JTA platform available (set 'hibernate.transaction.jta.platform' to enable JTA platform integration)
2026-06-22T22:37:34.569+02:00  INFO 5028 --- [Pair] [  restartedMain] j.LocalContainerEntityManagerFactoryBean : Initialized JPA EntityManagerFactory for persistence unit 'default'
2026-06-22T22:37:35.382+02:00  WARN 5028 --- [Pair] [  restartedMain] JpaBaseConfiguration$JpaWebConfiguration : spring.jpa.open-in-view is enabled by default. Therefore, database queries may be performed during view rendering. Explicitly configure spring.jpa.open-in-view to disable this warning
2026-06-22T22:37:35.481+02:00  INFO 5028 --- [Pair] [  restartedMain] r$InitializeUserDetailsManagerConfigurer : Global AuthenticationManager configured with UserDetailsService bean with name userDetailsServiceImpl
2026-06-22T22:37:35.911+02:00  INFO 5028 --- [Pair] [  restartedMain] o.s.boot.tomcat.TomcatWebServer          : Tomcat started on port 8090 (http) with context path '/'
2026-06-22T22:37:35.916+02:00  INFO 5028 --- [Pair] [  restartedMain] org.program.pair.PairApplication         : Started PairApplication in 3.088 seconds (process running for 421.535)
2026-06-22T22:37:35.917+02:00  INFO 5028 --- [Pair] [  restartedMain] .ConditionEvaluationDeltaLoggingListener : Condition evaluation delta:


==========================
CONDITION EVALUATION DELTA
==========================


Positive matches:
-----------------

    None


Negative matches:
-----------------

   DataJpaRepositoriesAutoConfiguration:
      Did not match:
         - @ConditionalOnMissingBean (types: org.springframework.data.jpa.repository.support.JpaRepositoryFactoryBean,org.springframework.data.jpa.repository.config.JpaRepositoryConfigExtension; SearchStrategy: all) found beans of type 'org.springframework.data.jpa.repository.support.JpaRepositoryFactoryBean' &peerRecommendationRepository, &categoryRepository, &reviewRepository, &progressionEntryRepository, &conversationMemberRepository, &notificationPrefRepository, &badgeAwardRepository, &reportRepository, &scheduleRepository, &activityRepository, &searchLogRepository, &userActivityRepository, &programMediaRepository, &badgeRepository, &conversationRepository, &programRepository, &userRepository, &notificationRepository, &messageRepository and found beans of type 'org.springframework.data.jpa.repository.config.JpaRepositoryConfigExtension' org.springframework.data.jpa.repository.config.JpaRepositoryConfigExtension#0 (OnBeanCondition)
      Matched:
         - @ConditionalOnClass found required class 'org.springframework.data.jpa.repository.JpaRepository' (OnClassCondition)
         - @ConditionalOnBooleanProperty (spring.data.jpa.repositories.enabled=true) matched (OnPropertyCondition)

   ServletWebSecurityAutoConfiguration.EnableWebSecurityConfiguration:
      Did not match:
         - @ConditionalOnMissingBean (names: springSecurityFilterChain; SearchStrategy: all) found beans named springSecurityFilterChain (OnBeanCondition)
      Matched:
         - @ConditionalOnClass found required class 'org.springframework.security.config.annotation.web.configuration.EnableWebSecurity' (OnClassCondition)

   ServletWebSecurityAutoConfiguration.SecurityFilterChainConfiguration:
      Did not match:
         - AllNestedConditions 1 matched 1 did not; NestedCondition on DefaultWebSecurityCondition.Beans @ConditionalOnMissingBean (types: org.springframework.security.web.SecurityFilterChain; SearchStrategy: all) found beans of type 'org.springframework.security.web.SecurityFilterChain' filterChain; NestedCondition on DefaultWebSecurityCondition.Classes @ConditionalOnClass found required classes 'org.springframework.security.web.SecurityFilterChain', 'org.springframework.security.config.annotation.web.builders.HttpSecurity' (DefaultWebSecurityCondition)

   TransactionAutoConfiguration.EnableTransactionManagementConfiguration:
      Did not match:
         - @ConditionalOnMissingBean (types: org.springframework.transaction.annotation.AbstractTransactionManagementConfiguration; SearchStrategy: all) found beans of type 'org.springframework.transaction.annotation.AbstractTransactionManagementConfiguration' org.springframework.transaction.annotation.ProxyTransactionManagementConfiguration (OnBeanCondition)

   TransactionAutoConfiguration.EnableTransactionManagementConfiguration.CglibAutoProxyConfiguration:
      Did not match:
         - Ancestor org.springframework.boot.transaction.autoconfigure.TransactionAutoConfiguration$EnableTransactionManagementConfiguration did not match (ConditionEvaluationReport.AncestorsMatchedCondition)
      Matched:
         - @ConditionalOnBooleanProperty (spring.aop.proxy-target-class=true) matched (OnPropertyCondition)

   UserDetailsServiceAutoConfiguration:
      Did not match:
         - @ConditionalOnMissingBean (types: org.springframework.security.authentication.AuthenticationManager,org.springframework.security.authentication.AuthenticationProvider,org.springframework.security.core.userdetails.UserDetailsService,org.springframework.security.authentication.AuthenticationManagerResolver,org.springframework.security.oauth2.jwt.JwtDecoder; SearchStrategy: all) found beans of type 'org.springframework.security.authentication.AuthenticationManager' authenticationManager and found beans of type 'org.springframework.security.core.userdetails.UserDetailsService' userDetailsServiceImpl (OnBeanCondition)
      Matched:
         - @ConditionalOnClass found required class 'org.springframework.security.authentication.AuthenticationManager' (OnClassCondition)
         - found 'session' scope (OnWebApplicationCondition)
         - AnyNestedCondition 1 matched 2 did not; NestedCondition on MissingAlternativeUserDetailsManagerOrUserPropertiesConfigured.PasswordConfigured @ConditionalOnProperty (spring.security.user.password) did not find property 'spring.security.user.password'; NestedCondition on MissingAlternativeUserDetailsManagerOrUserPropertiesConfigured.NameConfigured @ConditionalOnProperty (spring.security.user.name) did not find property 'spring.security.user.name'; NestedCondition on MissingAlternativeUserDetailsManagerOrUserPropertiesConfigured.MissingAlternative @ConditionalOnMissingClass did not find unwanted classes 'org.springframework.security.oauth2.client.registration.ClientRegistrationRepository', 'org.springframework.security.oauth2.server.resource.introspection.OpaqueTokenIntrospector', 'org.springframework.security.saml2.provider.service.registration.RelyingPartyRegistrationRepository' (MissingAlternativeUserDetailsManagerOrUserPropertiesConfigured)


Exclusions:
-----------

    None


Unconditional classes:
----------------------

    None



2026-06-22T22:38:23.074+02:00  INFO 5028 --- [Pair] [   File Watcher] rtingClassPathChangeChangedEventListener : Restarting due to 129 class path changes (0 additions, 129 deletions, 0 modifications)
2026-06-22T22:38:23.077+02:00  INFO 5028 --- [Pair] [      Thread-16] o.s.boot.tomcat.GracefulShutdown         : Commencing graceful shutdown. Waiting for active requests to complete
2026-06-22T22:38:23.093+02:00  INFO 5028 --- [Pair] [tomcat-shutdown] o.s.boot.tomcat.GracefulShutdown         : Graceful shutdown complete
2026-06-22T22:38:23.099+02:00  INFO 5028 --- [Pair] [      Thread-16] j.LocalContainerEntityManagerFactoryBean : Closing JPA EntityManagerFactory for persistence unit 'default'
2026-06-22T22:38:23.100+02:00  INFO 5028 --- [Pair] [      Thread-16] com.zaxxer.hikari.HikariDataSource       : HikariPool-5 - Shutdown initiated...
2026-06-22T22:38:23.111+02:00  INFO 5028 --- [Pair] [      Thread-16] com.zaxxer.hikari.HikariDataSource       : HikariPool-5 - Shutdown completed.

  .   ____          _            __ _ _
 /\\ / ___'_ __ _ _(_)_ __  __ _ \ \ \ \
( ( )\___ | '_ | '_| | '_ \/ _` | \ \ \ \
 \\/  ___)| |_)| | | | | || (_| |  ) ) ) )
  '  |____| .__|_| |_|_| |_\__, | / / / /
 =========|_|==============|___/=/_/_/_/

 :: Spring Boot ::                (v4.1.0)

2026-06-22T22:38:23.314+02:00  INFO 5028 --- [Pair] [  restartedMain] org.program.pair.PairApplication         : Starting PairApplication using Java 21.0.1 with PID 5028 (C:\Users\paric\Downloads\core-spring-labfiles\core-spring-labfiles\Pair\target\classes started by paric in C:\Users\paric\Downloads\core-spring-labfiles\core-spring-labfiles\Pair)
2026-06-22T22:38:23.314+02:00  INFO 5028 --- [Pair] [  restartedMain] org.program.pair.PairApplication         : No active profile set, falling back to 1 default profile: "default"
2026-06-22T22:38:23.806+02:00  INFO 5028 --- [Pair] [  restartedMain] .s.d.r.c.RepositoryConfigurationDelegate : Bootstrapping Spring Data JPA repositories in DEFAULT mode.
2026-06-22T22:38:23.830+02:00  INFO 5028 --- [Pair] [  restartedMain] .s.d.r.c.RepositoryConfigurationDelegate : Finished Spring Data repository scanning in 19 ms. Found 0 JPA repository interfaces.
2026-06-22T22:38:24.139+02:00  INFO 5028 --- [Pair] [  restartedMain] o.s.boot.tomcat.TomcatWebServer          : Tomcat initialized with port 8090 (http)
2026-06-22T22:38:24.141+02:00  INFO 5028 --- [Pair] [  restartedMain] o.apache.catalina.core.StandardService   : Starting service [Tomcat]
2026-06-22T22:38:24.141+02:00  INFO 5028 --- [Pair] [  restartedMain] o.apache.catalina.core.StandardEngine    : Starting Servlet engine: [Apache Tomcat/11.0.22]
2026-06-22T22:38:24.215+02:00  INFO 5028 --- [Pair] [  restartedMain] b.w.c.s.WebApplicationContextInitializer : Root WebApplicationContext: initialization completed in 897 ms
2026-06-22T22:38:24.439+02:00  INFO 5028 --- [Pair] [  restartedMain] org.hibernate.orm.jpa                    : HHH008540: Processing PersistenceUnitInfo [name: default]
2026-06-22T22:38:24.452+02:00  INFO 5028 --- [Pair] [  restartedMain] o.h.spatial.integration.SpatialService   : HHH80000001: Hibernate Spatial integration enabled: true
2026-06-22T22:38:24.612+02:00  INFO 5028 --- [Pair] [  restartedMain] com.zaxxer.hikari.HikariDataSource       : HikariPool-6 - Starting...
2026-06-22T22:38:24.790+02:00  INFO 5028 --- [Pair] [  restartedMain] com.zaxxer.hikari.pool.HikariPool        : HikariPool-6 - Added connection org.postgresql.jdbc.PgConnection@28db9552
2026-06-22T22:38:24.790+02:00  INFO 5028 --- [Pair] [  restartedMain] com.zaxxer.hikari.HikariDataSource       : HikariPool-6 - Start completed.
2026-06-22T22:38:24.817+02:00  WARN 5028 --- [Pair] [  restartedMain] org.hibernate.orm.deprecation            : HHH90000025: PostgreSQLDialect does not need to be specified explicitly using 'hibernate.dialect' (remove the property setting and it will be selected by default)
2026-06-22T22:38:24.842+02:00  INFO 5028 --- [Pair] [  restartedMain] org.hibernate.orm.connections.pooling    : HHH10001005: Database info:
	Database JDBC URL [jdbc:postgresql://localhost:5432/pair_db]
	Database driver: PostgreSQL JDBC Driver
	Database dialect: PostgreSQLDialect
	Database version: 18.4
	Default catalog/schema: pair_db/public
	Autocommit mode: undefined/unknown
	Isolation level: READ_COMMITTED [default READ_COMMITTED]
	JDBC fetch size: none
	Pool: DataSourceConnectionProvider
	Minimum pool size: undefined/unknown
	Maximum pool size: undefined/unknown
2026-06-22T22:38:24.860+02:00  INFO 5028 --- [Pair] [  restartedMain] o.s.o.j.p.SpringPersistenceUnitInfo      : No LoadTimeWeaver setup: ignoring JPA class transformer
2026-06-22T22:38:24.863+02:00  INFO 5028 --- [Pair] [  restartedMain] org.hibernate.orm.incubating             : HHH90006001: Setting 'hibernate.type.preferred_instant_jdbc_type' is still incubating (see Javadoc of corresponding member of 'org.hibernate.cfg.AvailableSettings')
2026-06-22T22:38:24.870+02:00  INFO 5028 --- [Pair] [  restartedMain] org.hibernate.orm.incubating             : HHH90006001: Setting 'hibernate.type.preferred_instant_jdbc_type' is still incubating (see Javadoc of corresponding member of 'org.hibernate.cfg.AvailableSettings')
2026-06-22T22:38:24.938+02:00  INFO 5028 --- [Pair] [  restartedMain] org.hibernate.orm.core                   : HHH000489: No JTA platform available (set 'hibernate.transaction.jta.platform' to enable JTA platform integration)
2026-06-22T22:38:24.942+02:00  INFO 5028 --- [Pair] [  restartedMain] j.LocalContainerEntityManagerFactoryBean : Initialized JPA EntityManagerFactory for persistence unit 'default'
2026-06-22T22:38:25.153+02:00  WARN 5028 --- [Pair] [  restartedMain] JpaBaseConfiguration$JpaWebConfiguration : spring.jpa.open-in-view is enabled by default. Therefore, database queries may be performed during view rendering. Explicitly configure spring.jpa.open-in-view to disable this warning
2026-06-22T22:38:25.631+02:00  WARN 5028 --- [Pair] [  restartedMain] .s.a.UserDetailsServiceAutoConfiguration : 

Using generated security password: 8a67a789-450d-42e5-bf3a-b4c5f3975cf8

This generated password is for development use only. Your security configuration must be updated before running your application in production.

2026-06-22T22:38:25.745+02:00  INFO 5028 --- [Pair] [  restartedMain] r$InitializeUserDetailsManagerConfigurer : Global AuthenticationManager configured with UserDetailsService bean with name inMemoryUserDetailsManager
2026-06-22T22:38:26.206+02:00  INFO 5028 --- [Pair] [  restartedMain] o.s.boot.tomcat.TomcatWebServer          : Tomcat started on port 8090 (http) with context path '/'
2026-06-22T22:38:26.220+02:00  INFO 5028 --- [Pair] [  restartedMain] org.program.pair.PairApplication         : Started PairApplication in 2.979 seconds (process running for 471.841)
2026-06-22T22:38:26.225+02:00  INFO 5028 --- [Pair] [  restartedMain] .ConditionEvaluationDeltaLoggingListener : Condition evaluation delta:


==========================
CONDITION EVALUATION DELTA
==========================


Positive matches:
-----------------

   DataJpaRepositoriesAutoConfiguration matched:
      - @ConditionalOnClass found required class 'org.springframework.data.jpa.repository.JpaRepository' (OnClassCondition)
      - @ConditionalOnBooleanProperty (spring.data.jpa.repositories.enabled=true) matched (OnPropertyCondition)
      - @ConditionalOnBean (types: javax.sql.DataSource; SearchStrategy: all) found bean 'dataSource'; @ConditionalOnMissingBean (types: org.springframework.data.jpa.repository.support.JpaRepositoryFactoryBean,org.springframework.data.jpa.repository.config.JpaRepositoryConfigExtension; SearchStrategy: all) did not find any beans (OnBeanCondition)

   ServletWebSecurityAutoConfiguration.EnableWebSecurityConfiguration matched:
      - @ConditionalOnClass found required class 'org.springframework.security.config.annotation.web.configuration.EnableWebSecurity' (OnClassCondition)
      - @ConditionalOnMissingBean (names: springSecurityFilterChain; SearchStrategy: all) did not find any beans (OnBeanCondition)

   ServletWebSecurityAutoConfiguration.SecurityFilterChainConfiguration matched:
      - AllNestedConditions 2 matched 0 did not; NestedCondition on DefaultWebSecurityCondition.Beans @ConditionalOnMissingBean (types: org.springframework.security.web.SecurityFilterChain; SearchStrategy: all) did not find any beans; NestedCondition on DefaultWebSecurityCondition.Classes @ConditionalOnClass found required classes 'org.springframework.security.web.SecurityFilterChain', 'org.springframework.security.config.annotation.web.builders.HttpSecurity' (DefaultWebSecurityCondition)

   TransactionAutoConfiguration.EnableTransactionManagementConfiguration matched:
      - @ConditionalOnBean (types: org.springframework.transaction.TransactionManager; SearchStrategy: all) found bean 'transactionManager'; @ConditionalOnMissingBean (types: org.springframework.transaction.annotation.AbstractTransactionManagementConfiguration; SearchStrategy: all) did not find any beans (OnBeanCondition)

   TransactionAutoConfiguration.EnableTransactionManagementConfiguration.CglibAutoProxyConfiguration matched:
      - @ConditionalOnBooleanProperty (spring.aop.proxy-target-class=true) matched (OnPropertyCondition)

   UserDetailsServiceAutoConfiguration matched:
      - @ConditionalOnClass found required class 'org.springframework.security.authentication.AuthenticationManager' (OnClassCondition)
      - found 'session' scope (OnWebApplicationCondition)
      - AnyNestedCondition 1 matched 2 did not; NestedCondition on MissingAlternativeUserDetailsManagerOrUserPropertiesConfigured.PasswordConfigured @ConditionalOnProperty (spring.security.user.password) did not find property 'spring.security.user.password'; NestedCondition on MissingAlternativeUserDetailsManagerOrUserPropertiesConfigured.NameConfigured @ConditionalOnProperty (spring.security.user.name) did not find property 'spring.security.user.name'; NestedCondition on MissingAlternativeUserDetailsManagerOrUserPropertiesConfigured.MissingAlternative @ConditionalOnMissingClass did not find unwanted classes 'org.springframework.security.oauth2.client.registration.ClientRegistrationRepository', 'org.springframework.security.oauth2.server.resource.introspection.OpaqueTokenIntrospector', 'org.springframework.security.saml2.provider.service.registration.RelyingPartyRegistrationRepository' (MissingAlternativeUserDetailsManagerOrUserPropertiesConfigured)
      - @ConditionalOnMissingBean (types: org.springframework.security.authentication.AuthenticationManager,org.springframework.security.authentication.AuthenticationProvider,org.springframework.security.core.userdetails.UserDetailsService,org.springframework.security.authentication.AuthenticationManagerResolver,org.springframework.security.oauth2.jwt.JwtDecoder; SearchStrategy: all) did not find any beans (OnBeanCondition)


Negative matches:
-----------------

   DataJpaRepositoriesAutoConfiguration#entityManagerFactoryBootstrapExecutorCustomizer:
      Did not match:
         - @ConditionalOnProperty (spring.data.jpa.repositories.bootstrap-mode=deferred) did not find property 'spring.data.jpa.repositories.bootstrap-mode' (OnPropertyCondition)


Exclusions:
-----------

    None


Unconditional classes:
----------------------

    None



