[INFO] Scanning for projects...
[INFO] 
[INFO] --------------------------< org.program:Pair >--------------------------
[INFO] Building Pair 0.0.1-SNAPSHOT
[INFO]   from pom.xml
[INFO] --------------------------------[ jar ]---------------------------------
[INFO] 
[INFO] >>> spring-boot:4.1.0:run (default-cli) > test-compile @ Pair >>>
[INFO] 
[INFO] --- resources:3.5.0:resources (default-resources) @ Pair ---
[INFO] Copying 1 resource from src\main\resources to target\classes
[INFO] Copying 19 resources from src\main\resources to target\classes
[INFO] 
[INFO] --- compiler:3.15.0:compile (default-compile) @ Pair ---
[INFO] Nothing to compile - all classes are up to date.
[INFO] 
[INFO] --- resources:3.5.0:testResources (default-testResources) @ Pair ---
[INFO] skip non existing resourceDirectory C:\Users\paric\Downloads\core-spring-labfiles\core-spring-labfiles\Pair\src\test\resources
[INFO] 
[INFO] --- compiler:3.15.0:testCompile (default-testCompile) @ Pair ---
[INFO] Nothing to compile - all classes are up to date.
[INFO] 
[INFO] <<< spring-boot:4.1.0:run (default-cli) < test-compile @ Pair <<<
[INFO] 
[INFO] 
[INFO] --- spring-boot:4.1.0:run (default-cli) @ Pair ---
[INFO] Attaching agents: []

  .   ____          _            __ _ _
 /\\ / ___'_ __ _ _(_)_ __  __ _ \ \ \ \
( ( )\___ | '_ | '_| | '_ \/ _` | \ \ \ \
 \\/  ___)| |_)| | | | | || (_| |  ) ) ) )
  '  |____| .__|_| |_|_| |_\__, | / / / /
 =========|_|==============|___/=/_/_/_/

 :: Spring Boot ::                (v4.1.0)

2026-06-22T22:13:49.554+02:00  INFO 12224 --- [Pair] [  restartedMain] org.program.pair.PairApplication         : Starting PairApplication using Java 21.0.1 with PID 12224 (C:\Users\paric\Downloads\core-spring-labfiles\core-spring-labfiles\Pair\target\classes started by paric in C:\Users\paric\Downloads\core-spring-labfiles\core-spring-labfiles\Pair)
2026-06-22T22:13:49.563+02:00  INFO 12224 --- [Pair] [  restartedMain] org.program.pair.PairApplication         : No active profile set, falling back to 1 default profile: "default"
2026-06-22T22:13:49.656+02:00  INFO 12224 --- [Pair] [  restartedMain] .e.DevToolsPropertyDefaultsPostProcessor : Devtools property defaults active! Set 'spring.devtools.add-properties' to 'false' to disable
2026-06-22T22:13:49.656+02:00  INFO 12224 --- [Pair] [  restartedMain] .e.DevToolsPropertyDefaultsPostProcessor : For additional web related logging consider setting the 'logging.level.web' property to 'DEBUG'
2026-06-22T22:13:50.755+02:00  INFO 12224 --- [Pair] [  restartedMain] .s.d.r.c.RepositoryConfigurationDelegate : Bootstrapping Spring Data JPA repositories in DEFAULT mode.
2026-06-22T22:13:50.930+02:00  INFO 12224 --- [Pair] [  restartedMain] .s.d.r.c.RepositoryConfigurationDelegate : Finished Spring Data repository scanning in 164 ms. Found 19 JPA repository interfaces.
2026-06-22T22:13:52.974+02:00  INFO 12224 --- [Pair] [  restartedMain] o.s.boot.tomcat.TomcatWebServer          : Tomcat initialized with port 8090 (http)
2026-06-22T22:13:52.994+02:00  INFO 12224 --- [Pair] [  restartedMain] o.apache.catalina.core.StandardService   : Starting service [Tomcat]
2026-06-22T22:13:52.994+02:00  INFO 12224 --- [Pair] [  restartedMain] o.apache.catalina.core.StandardEngine    : Starting Servlet engine: [Apache Tomcat/11.0.22]
2026-06-22T22:13:53.075+02:00  INFO 12224 --- [Pair] [  restartedMain] b.w.c.s.WebApplicationContextInitializer : Root WebApplicationContext: initialization completed in 3419 ms
2026-06-22T22:13:53.369+02:00  INFO 12224 --- [Pair] [  restartedMain] org.hibernate.orm.jpa                    : HHH008540: Processing PersistenceUnitInfo [name: default]
2026-06-22T22:13:53.496+02:00  INFO 12224 --- [Pair] [  restartedMain] org.hibernate.orm.core                   : HHH000001: Hibernate ORM core version 7.4.1.Final
2026-06-22T22:13:53.514+02:00  INFO 12224 --- [Pair] [  restartedMain] o.h.spatial.integration.SpatialService   : HHH80000001: Hibernate Spatial integration enabled: true
2026-06-22T22:13:54.065+02:00  INFO 12224 --- [Pair] [  restartedMain] com.zaxxer.hikari.HikariDataSource       : HikariPool-1 - Starting...
2026-06-22T22:13:54.466+02:00  INFO 12224 --- [Pair] [  restartedMain] com.zaxxer.hikari.pool.HikariPool        : HikariPool-1 - Added connection org.postgresql.jdbc.PgConnection@77186038
2026-06-22T22:13:54.466+02:00  INFO 12224 --- [Pair] [  restartedMain] com.zaxxer.hikari.HikariDataSource       : HikariPool-1 - Start completed.
2026-06-22T22:13:54.525+02:00  WARN 12224 --- [Pair] [  restartedMain] org.hibernate.orm.deprecation            : HHH90000025: PostgreSQLDialect does not need to be specified explicitly using 'hibernate.dialect' (remove the property setting and it will be selected by default)
2026-06-22T22:13:54.571+02:00  INFO 12224 --- [Pair] [  restartedMain] org.hibernate.orm.connections.pooling    : HHH10001005: Database info:
	Database JDBC URL [jdbc:postgresql://localhost:5432/pair_db]
	Database driver: PostgreSQL JDBC Driver
	Database dialect: PostgreSQLDialect
	Database version: 18.4
	Default catalog/schema: pair_db/public
	Autocommit mode: undefined/unknown
	Isolation level: READ_COMMITTED [default READ_COMMITTED]
	JDBC fetch size: none
	Pool: DataSourceConnectionProvider
	Minimum pool size: undefined/unknown
	Maximum pool size: undefined/unknown
2026-06-22T22:13:54.984+02:00  INFO 12224 --- [Pair] [  restartedMain] o.s.o.j.p.SpringPersistenceUnitInfo      : No LoadTimeWeaver setup: ignoring JPA class transformer
2026-06-22T22:13:55.074+02:00  INFO 12224 --- [Pair] [  restartedMain] org.hibernate.orm.incubating             : HHH90006001: Setting 'hibernate.type.preferred_instant_jdbc_type' is still incubating (see Javadoc of corresponding member of 'org.hibernate.cfg.AvailableSettings')
2026-06-22T22:13:55.701+02:00  INFO 12224 --- [Pair] [  restartedMain] org.hibernate.orm.incubating             : HHH90006001: Setting 'hibernate.type.preferred_instant_jdbc_type' is still incubating (see Javadoc of corresponding member of 'org.hibernate.cfg.AvailableSettings')
2026-06-22T22:13:55.704+02:00  INFO 12224 --- [Pair] [  restartedMain] org.hibernate.orm.incubating             : HHH90006001: Setting 'hibernate.type.preferred_instant_jdbc_type' is still incubating (see Javadoc of corresponding member of 'org.hibernate.cfg.AvailableSettings')
2026-06-22T22:13:55.716+02:00  INFO 12224 --- [Pair] [  restartedMain] org.hibernate.orm.incubating             : HHH90006001: Setting 'hibernate.type.preferred_instant_jdbc_type' is still incubating (see Javadoc of corresponding member of 'org.hibernate.cfg.AvailableSettings')
2026-06-22T22:13:55.716+02:00  INFO 12224 --- [Pair] [  restartedMain] org.hibernate.orm.incubating             : HHH90006001: Setting 'hibernate.type.preferred_instant_jdbc_type' is still incubating (see Javadoc of corresponding member of 'org.hibernate.cfg.AvailableSettings')
2026-06-22T22:13:55.716+02:00  INFO 12224 --- [Pair] [  restartedMain] org.hibernate.orm.incubating             : HHH90006001: Setting 'hibernate.type.preferred_instant_jdbc_type' is still incubating (see Javadoc of corresponding member of 'org.hibernate.cfg.AvailableSettings')
2026-06-22T22:13:55.716+02:00  INFO 12224 --- [Pair] [  restartedMain] org.hibernate.orm.incubating             : HHH90006001: Setting 'hibernate.type.preferred_instant_jdbc_type' is still incubating (see Javadoc of corresponding member of 'org.hibernate.cfg.AvailableSettings')
2026-06-22T22:13:55.716+02:00  INFO 12224 --- [Pair] [  restartedMain] org.hibernate.orm.incubating             : HHH90006001: Setting 'hibernate.type.preferred_instant_jdbc_type' is still incubating (see Javadoc of corresponding member of 'org.hibernate.cfg.AvailableSettings')
2026-06-22T22:13:55.716+02:00  INFO 12224 --- [Pair] [  restartedMain] org.hibernate.orm.incubating             : HHH90006001: Setting 'hibernate.type.preferred_instant_jdbc_type' is still incubating (see Javadoc of corresponding member of 'org.hibernate.cfg.AvailableSettings')
2026-06-22T22:13:55.716+02:00  INFO 12224 --- [Pair] [  restartedMain] org.hibernate.orm.incubating             : HHH90006001: Setting 'hibernate.type.preferred_instant_jdbc_type' is still incubating (see Javadoc of corresponding member of 'org.hibernate.cfg.AvailableSettings')
2026-06-22T22:13:55.721+02:00  INFO 12224 --- [Pair] [  restartedMain] org.hibernate.orm.incubating             : HHH90006001: Setting 'hibernate.type.preferred_instant_jdbc_type' is still incubating (see Javadoc of corresponding member of 'org.hibernate.cfg.AvailableSettings')
2026-06-22T22:13:55.721+02:00  INFO 12224 --- [Pair] [  restartedMain] org.hibernate.orm.incubating             : HHH90006001: Setting 'hibernate.type.preferred_instant_jdbc_type' is still incubating (see Javadoc of corresponding member of 'org.hibernate.cfg.AvailableSettings')
2026-06-22T22:13:55.721+02:00  INFO 12224 --- [Pair] [  restartedMain] org.hibernate.orm.incubating             : HHH90006001: Setting 'hibernate.type.preferred_instant_jdbc_type' is still incubating (see Javadoc of corresponding member of 'org.hibernate.cfg.AvailableSettings')
2026-06-22T22:13:55.721+02:00  INFO 12224 --- [Pair] [  restartedMain] org.hibernate.orm.incubating             : HHH90006001: Setting 'hibernate.type.preferred_instant_jdbc_type' is still incubating (see Javadoc of corresponding member of 'org.hibernate.cfg.AvailableSettings')
2026-06-22T22:13:55.721+02:00  INFO 12224 --- [Pair] [  restartedMain] org.hibernate.orm.incubating             : HHH90006001: Setting 'hibernate.type.preferred_instant_jdbc_type' is still incubating (see Javadoc of corresponding member of 'org.hibernate.cfg.AvailableSettings')
2026-06-22T22:13:55.725+02:00  INFO 12224 --- [Pair] [  restartedMain] org.hibernate.orm.incubating             : HHH90006001: Setting 'hibernate.type.preferred_instant_jdbc_type' is still incubating (see Javadoc of corresponding member of 'org.hibernate.cfg.AvailableSettings')
2026-06-22T22:13:55.725+02:00  INFO 12224 --- [Pair] [  restartedMain] org.hibernate.orm.incubating             : HHH90006001: Setting 'hibernate.type.preferred_instant_jdbc_type' is still incubating (see Javadoc of corresponding member of 'org.hibernate.cfg.AvailableSettings')
2026-06-22T22:13:55.727+02:00  INFO 12224 --- [Pair] [  restartedMain] org.hibernate.orm.incubating             : HHH90006001: Setting 'hibernate.type.preferred_instant_jdbc_type' is still incubating (see Javadoc of corresponding member of 'org.hibernate.cfg.AvailableSettings')
2026-06-22T22:13:55.727+02:00  INFO 12224 --- [Pair] [  restartedMain] org.hibernate.orm.incubating             : HHH90006001: Setting 'hibernate.type.preferred_instant_jdbc_type' is still incubating (see Javadoc of corresponding member of 'org.hibernate.cfg.AvailableSettings')
2026-06-22T22:13:55.727+02:00  INFO 12224 --- [Pair] [  restartedMain] org.hibernate.orm.incubating             : HHH90006001: Setting 'hibernate.type.preferred_instant_jdbc_type' is still incubating (see Javadoc of corresponding member of 'org.hibernate.cfg.AvailableSettings')
2026-06-22T22:13:55.727+02:00  INFO 12224 --- [Pair] [  restartedMain] org.hibernate.orm.incubating             : HHH90006001: Setting 'hibernate.type.preferred_instant_jdbc_type' is still incubating (see Javadoc of corresponding member of 'org.hibernate.cfg.AvailableSettings')
2026-06-22T22:13:55.732+02:00  INFO 12224 --- [Pair] [  restartedMain] org.hibernate.orm.incubating             : HHH90006001: Setting 'hibernate.type.preferred_instant_jdbc_type' is still incubating (see Javadoc of corresponding member of 'org.hibernate.cfg.AvailableSettings')
2026-06-22T22:13:55.734+02:00  INFO 12224 --- [Pair] [  restartedMain] org.hibernate.orm.incubating             : HHH90006001: Setting 'hibernate.type.preferred_instant_jdbc_type' is still incubating (see Javadoc of corresponding member of 'org.hibernate.cfg.AvailableSettings')
2026-06-22T22:13:55.734+02:00  INFO 12224 --- [Pair] [  restartedMain] org.hibernate.orm.incubating             : HHH90006001: Setting 'hibernate.type.preferred_instant_jdbc_type' is still incubating (see Javadoc of corresponding member of 'org.hibernate.cfg.AvailableSettings')
2026-06-22T22:13:55.734+02:00  INFO 12224 --- [Pair] [  restartedMain] org.hibernate.orm.incubating             : HHH90006001: Setting 'hibernate.type.preferred_instant_jdbc_type' is still incubating (see Javadoc of corresponding member of 'org.hibernate.cfg.AvailableSettings')
2026-06-22T22:13:55.734+02:00  INFO 12224 --- [Pair] [  restartedMain] org.hibernate.orm.incubating             : HHH90006001: Setting 'hibernate.type.preferred_instant_jdbc_type' is still incubating (see Javadoc of corresponding member of 'org.hibernate.cfg.AvailableSettings')
2026-06-22T22:13:55.734+02:00  INFO 12224 --- [Pair] [  restartedMain] org.hibernate.orm.incubating             : HHH90006001: Setting 'hibernate.type.preferred_instant_jdbc_type' is still incubating (see Javadoc of corresponding member of 'org.hibernate.cfg.AvailableSettings')
2026-06-22T22:13:55.734+02:00  INFO 12224 --- [Pair] [  restartedMain] org.hibernate.orm.incubating             : HHH90006001: Setting 'hibernate.type.preferred_instant_jdbc_type' is still incubating (see Javadoc of corresponding member of 'org.hibernate.cfg.AvailableSettings')
2026-06-22T22:13:55.969+02:00  INFO 12224 --- [Pair] [  restartedMain] org.hibernate.orm.incubating             : HHH90006001: Setting 'hibernate.type.preferred_instant_jdbc_type' is still incubating (see Javadoc of corresponding member of 'org.hibernate.cfg.AvailableSettings')
2026-06-22T22:13:57.659+02:00  INFO 12224 --- [Pair] [  restartedMain] org.hibernate.orm.core                   : HHH000489: No JTA platform available (set 'hibernate.transaction.jta.platform' to enable JTA platform integration)
2026-06-22T22:13:57.664+02:00  INFO 12224 --- [Pair] [  restartedMain] j.LocalContainerEntityManagerFactoryBean : Initialized JPA EntityManagerFactory for persistence unit 'default'
2026-06-22T22:13:57.779+02:00  INFO 12224 --- [Pair] [  restartedMain] o.s.d.j.r.query.QueryEnhancerFactories   : Hibernate is in classpath; If applicable, HQL parser will be used.
2026-06-22T22:14:00.384+02:00  WARN 12224 --- [Pair] [  restartedMain] JpaBaseConfiguration$JpaWebConfiguration : spring.jpa.open-in-view is enabled by default. Therefore, database queries may be performed during view rendering. Explicitly configure spring.jpa.open-in-view to disable this warning
2026-06-22T22:14:00.568+02:00  INFO 12224 --- [Pair] [  restartedMain] r$InitializeUserDetailsManagerConfigurer : Global AuthenticationManager configured with UserDetailsService bean with name userDetailsServiceImpl
2026-06-22T22:14:01.408+02:00  INFO 12224 --- [Pair] [  restartedMain] o.s.boot.tomcat.TomcatWebServer          : Tomcat started on port 8090 (http) with context path '/'
2026-06-22T22:14:01.427+02:00  INFO 12224 --- [Pair] [  restartedMain] org.program.pair.PairApplication         : Started PairApplication in 12.698 seconds (process running for 13.47)
2026-06-22T22:14:03.537+02:00  INFO 12224 --- [Pair] [nio-8090-exec-1] o.a.c.c.C.[Tomcat].[localhost].[/]       : Initializing Spring DispatcherServlet 'dispatcherServlet'
2026-06-22T22:14:03.537+02:00  INFO 12224 --- [Pair] [nio-8090-exec-1] o.s.web.servlet.DispatcherServlet        : Initializing Servlet 'dispatcherServlet'
2026-06-22T22:14:03.537+02:00  INFO 12224 --- [Pair] [nio-8090-exec-1] o.s.web.servlet.DispatcherServlet        : Completed initialization in 0 ms
2026-06-22T22:14:03.684+02:00  WARN 12224 --- [Pair] [nio-8090-exec-1] org.hibernate.orm.jdbc.error             : HHH000247: ErrorCode: 0, SQLState: 42P01
2026-06-22T22:14:03.685+02:00  WARN 12224 --- [Pair] [nio-8090-exec-1] org.hibernate.orm.jdbc.error             : ERROR: relation "categories" does not exist
  Position: 57
2026-06-22T22:14:03.695+02:00 ERROR 12224 --- [Pair] [nio-8090-exec-1] o.p.p.s.e.GlobalExceptionHandler         : Erreur non gérée

org.springframework.dao.InvalidDataAccessResourceUsageException: JDBC exception executing SQL [ERROR: relation "categories" does not exist
  Position: 57] [select c1_0.id,c1_0.color_ramp,c1_0.icon,c1_0.name from categories c1_0]; SQL [select c1_0.id,c1_0.color_ramp,c1_0.icon,c1_0.name from categories c1_0]
	at org.springframework.orm.jpa.hibernate.HibernateExceptionTranslator.convertHibernateAccessException(HibernateExceptionTranslator.java:156) ~[spring-orm-7.0.8.jar:7.0.8]
	at org.springframework.orm.jpa.hibernate.HibernateExceptionTranslator.convertHibernateAccessException(HibernateExceptionTranslator.java:131) ~[spring-orm-7.0.8.jar:7.0.8]
	at org.springframework.orm.jpa.hibernate.HibernateExceptionTranslator.translateExceptionIfPossible(HibernateExceptionTranslator.java:105) ~[spring-orm-7.0.8.jar:7.0.8]
	at org.springframework.orm.jpa.vendor.HibernateJpaDialect.translateExceptionIfPossible(HibernateJpaDialect.java:223) ~[spring-orm-7.0.8.jar:7.0.8]
	at org.springframework.orm.jpa.AbstractEntityManagerFactoryBean.translateExceptionIfPossible(AbstractEntityManagerFactoryBean.java:577) ~[spring-orm-7.0.8.jar:7.0.8]
	at org.springframework.dao.support.ChainedPersistenceExceptionTranslator.translateExceptionIfPossible(ChainedPersistenceExceptionTranslator.java:61) ~[spring-tx-7.0.8.jar:7.0.8]
	at org.springframework.dao.support.DataAccessUtils.translateIfNecessary(DataAccessUtils.java:346) ~[spring-tx-7.0.8.jar:7.0.8]
	at org.springframework.dao.support.PersistenceExceptionTranslationInterceptor.invoke(PersistenceExceptionTranslationInterceptor.java:157) ~[spring-tx-7.0.8.jar:7.0.8]
	at org.springframework.aop.framework.ReflectiveMethodInvocation.proceed(ReflectiveMethodInvocation.java:179) ~[spring-aop-7.0.8.jar:7.0.8]
	at org.springframework.data.jpa.repository.support.CrudMethodMetadataPostProcessor$CrudMethodMetadataPopulatingMethodInterceptor.invoke(CrudMethodMetadataPostProcessor.java:166) ~[spring-data-jpa-4.1.0.jar:4.1.0]
	at org.springframework.aop.framework.ReflectiveMethodInvocation.proceed(ReflectiveMethodInvocation.java:179) ~[spring-aop-7.0.8.jar:7.0.8]
	at org.springframework.aop.framework.JdkDynamicAopProxy.invoke(JdkDynamicAopProxy.java:222) ~[spring-aop-7.0.8.jar:7.0.8]
	at jdk.proxy4/jdk.proxy4.$Proxy172.findAll(Unknown Source) ~[na:na]
	at org.program.pair.domain.activity.ActivityService.getAllCategories(ActivityService.java:33) ~[classes/:na]
	at java.base/jdk.internal.reflect.DirectMethodHandleAccessor.invoke(DirectMethodHandleAccessor.java:103) ~[na:na]
	at java.base/java.lang.reflect.Method.invoke(Method.java:580) ~[na:na]
	at org.springframework.aop.support.AopUtils.invokeJoinpointUsingReflection(AopUtils.java:359) ~[spring-aop-7.0.8.jar:7.0.8]
	at org.springframework.aop.framework.ReflectiveMethodInvocation.invokeJoinpoint(ReflectiveMethodInvocation.java:190) ~[spring-aop-7.0.8.jar:7.0.8]
	at org.springframework.aop.framework.ReflectiveMethodInvocation.proceed(ReflectiveMethodInvocation.java:158) ~[spring-aop-7.0.8.jar:7.0.8]
	at org.springframework.transaction.interceptor.TransactionInterceptor$1.proceedWithInvocation(TransactionInterceptor.java:133) ~[spring-tx-7.0.8.jar:7.0.8]
	at org.springframework.transaction.interceptor.TransactionAspectSupport.invokeWithinTransaction(TransactionAspectSupport.java:371) ~[spring-tx-7.0.8.jar:7.0.8]
	at org.springframework.transaction.interceptor.TransactionInterceptor.invoke(TransactionInterceptor.java:130) ~[spring-tx-7.0.8.jar:7.0.8]
	at org.springframework.aop.framework.ReflectiveMethodInvocation.proceed(ReflectiveMethodInvocation.java:179) ~[spring-aop-7.0.8.jar:7.0.8]
	at org.springframework.aop.framework.CglibAopProxy$DynamicAdvisedInterceptor.intercept(CglibAopProxy.java:719) ~[spring-aop-7.0.8.jar:7.0.8]
	at org.program.pair.domain.activity.ActivityService$$SpringCGLIB$$0.getAllCategories(<generated>) ~[classes/:na]
	at org.program.pair.domain.activity.ActivityController.getCategories(ActivityController.java:27) ~[classes/:na]
	at java.base/jdk.internal.reflect.DirectMethodHandleAccessor.invoke(DirectMethodHandleAccessor.java:103) ~[na:na]
	at java.base/java.lang.reflect.Method.invoke(Method.java:580) ~[na:na]
	at org.springframework.aop.support.AopUtils.invokeJoinpointUsingReflection(AopUtils.java:359) ~[spring-aop-7.0.8.jar:7.0.8]
	at org.springframework.aop.framework.ReflectiveMethodInvocation.invokeJoinpoint(ReflectiveMethodInvocation.java:190) ~[spring-aop-7.0.8.jar:7.0.8]
	at org.springframework.aop.framework.ReflectiveMethodInvocation.proceed(ReflectiveMethodInvocation.java:158) ~[spring-aop-7.0.8.jar:7.0.8]
	at org.springframework.validation.beanvalidation.MethodValidationInterceptor.invoke(MethodValidationInterceptor.java:172) ~[spring-context-7.0.8.jar:7.0.8]
	at org.springframework.aop.framework.ReflectiveMethodInvocation.proceed(ReflectiveMethodInvocation.java:179) ~[spring-aop-7.0.8.jar:7.0.8]
	at org.springframework.aop.framework.CglibAopProxy$DynamicAdvisedInterceptor.intercept(CglibAopProxy.java:719) ~[spring-aop-7.0.8.jar:7.0.8]
	at org.program.pair.domain.activity.ActivityController$$SpringCGLIB$$0.getCategories(<generated>) ~[classes/:na]
	at java.base/jdk.internal.reflect.DirectMethodHandleAccessor.invoke(DirectMethodHandleAccessor.java:103) ~[na:na]
	at java.base/java.lang.reflect.Method.invoke(Method.java:580) ~[na:na]
	at org.springframework.web.method.support.InvocableHandlerMethod.doInvoke(InvocableHandlerMethod.java:252) ~[spring-web-7.0.8.jar:7.0.8]
	at org.springframework.web.method.support.InvocableHandlerMethod.invokeForRequest(InvocableHandlerMethod.java:184) ~[spring-web-7.0.8.jar:7.0.8]
	at org.springframework.web.servlet.mvc.method.annotation.ServletInvocableHandlerMethod.invokeAndHandle(ServletInvocableHandlerMethod.java:117) ~[spring-webmvc-7.0.8.jar:7.0.8]
	at org.springframework.web.servlet.mvc.method.annotation.RequestMappingHandlerAdapter.invokeHandlerMethod(RequestMappingHandlerAdapter.java:934) ~[spring-webmvc-7.0.8.jar:7.0.8]
	at org.springframework.web.servlet.mvc.method.annotation.RequestMappingHandlerAdapter.handleInternal(RequestMappingHandlerAdapter.java:853) ~[spring-webmvc-7.0.8.jar:7.0.8]
	at org.springframework.web.servlet.mvc.method.AbstractHandlerMethodAdapter.handle(AbstractHandlerMethodAdapter.java:86) ~[spring-webmvc-7.0.8.jar:7.0.8]
	at org.springframework.web.servlet.DispatcherServlet.doDispatch(DispatcherServlet.java:963) ~[spring-webmvc-7.0.8.jar:7.0.8]
	at org.springframework.web.servlet.DispatcherServlet.doService(DispatcherServlet.java:866) ~[spring-webmvc-7.0.8.jar:7.0.8]
	at org.springframework.web.servlet.FrameworkServlet.processRequest(FrameworkServlet.java:1000) ~[spring-webmvc-7.0.8.jar:7.0.8]
	at org.springframework.web.servlet.FrameworkServlet.doGet(FrameworkServlet.java:892) ~[spring-webmvc-7.0.8.jar:7.0.8]
	at jakarta.servlet.http.HttpServlet.service(HttpServlet.java:622) ~[tomcat-embed-core-11.0.22.jar:6.1]
	at org.springframework.web.servlet.FrameworkServlet.service(FrameworkServlet.java:874) ~[spring-webmvc-7.0.8.jar:7.0.8]
	at jakarta.servlet.http.HttpServlet.service(HttpServlet.java:710) ~[tomcat-embed-core-11.0.22.jar:6.1]
	at org.apache.catalina.core.ApplicationFilterChain.doFilter(ApplicationFilterChain.java:128) ~[tomcat-embed-core-11.0.22.jar:11.0.22]
	at org.apache.tomcat.websocket.server.WsFilter.doFilter(WsFilter.java:53) ~[tomcat-embed-websocket-11.0.22.jar:11.0.22]
	at org.apache.catalina.core.ApplicationFilterChain.doFilter(ApplicationFilterChain.java:107) ~[tomcat-embed-core-11.0.22.jar:11.0.22]
	at org.springframework.web.filter.OncePerRequestFilter.doFilter(OncePerRequestFilter.java:110) ~[spring-web-7.0.8.jar:7.0.8]
	at org.apache.catalina.core.ApplicationFilterChain.doFilter(ApplicationFilterChain.java:107) ~[tomcat-embed-core-11.0.22.jar:11.0.22]
	at org.springframework.web.filter.CompositeFilter$VirtualFilterChain.doFilter(CompositeFilter.java:108) ~[spring-web-7.0.8.jar:7.0.8]
	at org.springframework.security.web.FilterChainProxy.lambda$doFilterInternal$2(FilterChainProxy.java:235) ~[spring-security-web-7.1.0.jar:7.1.0]
	at org.springframework.security.web.FilterChainProxy$VirtualFilterChain.doFilter(FilterChainProxy.java:376) ~[spring-security-web-7.1.0.jar:7.1.0]
	at org.springframework.security.web.access.intercept.AuthorizationFilter.doFilter(AuthorizationFilter.java:101) ~[spring-security-web-7.1.0.jar:7.1.0]
	at org.springframework.security.web.FilterChainProxy$VirtualFilterChain.doFilter(FilterChainProxy.java:385) ~[spring-security-web-7.1.0.jar:7.1.0]
	at org.springframework.security.web.access.ExceptionTranslationFilter.doFilter(ExceptionTranslationFilter.java:126) ~[spring-security-web-7.1.0.jar:7.1.0]
	at org.springframework.security.web.access.ExceptionTranslationFilter.doFilter(ExceptionTranslationFilter.java:120) ~[spring-security-web-7.1.0.jar:7.1.0]
	at org.springframework.security.web.FilterChainProxy$VirtualFilterChain.doFilter(FilterChainProxy.java:385) ~[spring-security-web-7.1.0.jar:7.1.0]
	at org.springframework.security.web.session.SessionManagementFilter.doFilter(SessionManagementFilter.java:132) ~[spring-security-web-7.1.0.jar:7.1.0]
	at org.springframework.security.web.session.SessionManagementFilter.doFilter(SessionManagementFilter.java:86) ~[spring-security-web-7.1.0.jar:7.1.0]
	at org.springframework.security.web.FilterChainProxy$VirtualFilterChain.doFilter(FilterChainProxy.java:385) ~[spring-security-web-7.1.0.jar:7.1.0]
	at org.springframework.security.web.authentication.AnonymousAuthenticationFilter.doFilter(AnonymousAuthenticationFilter.java:100) ~[spring-security-web-7.1.0.jar:7.1.0]
	at org.springframework.security.web.FilterChainProxy$VirtualFilterChain.doFilter(FilterChainProxy.java:385) ~[spring-security-web-7.1.0.jar:7.1.0]
	at org.springframework.security.web.servletapi.SecurityContextHolderAwareRequestFilter.doFilter(SecurityContextHolderAwareRequestFilter.java:181) ~[spring-security-web-7.1.0.jar:7.1.0]
	at org.springframework.security.web.FilterChainProxy$VirtualFilterChain.doFilter(FilterChainProxy.java:385) ~[spring-security-web-7.1.0.jar:7.1.0]
	at org.springframework.security.web.savedrequest.RequestCacheAwareFilter.doFilter(RequestCacheAwareFilter.java:63) ~[spring-security-web-7.1.0.jar:7.1.0]
	at org.springframework.security.web.FilterChainProxy$VirtualFilterChain.doFilter(FilterChainProxy.java:385) ~[spring-security-web-7.1.0.jar:7.1.0]
	at org.program.pair.shared.security.JwtAuthFilter.doFilterInternal(JwtAuthFilter.java:41) ~[classes/:na]
	at org.springframework.web.filter.OncePerRequestFilter.doFilter(OncePerRequestFilter.java:116) ~[spring-web-7.0.8.jar:7.0.8]
	at org.springframework.security.web.FilterChainProxy$VirtualFilterChain.doFilter(FilterChainProxy.java:385) ~[spring-security-web-7.1.0.jar:7.1.0]
	at org.springframework.security.web.authentication.logout.LogoutFilter.doFilter(LogoutFilter.java:110) ~[spring-security-web-7.1.0.jar:7.1.0]
	at org.springframework.security.web.authentication.logout.LogoutFilter.doFilter(LogoutFilter.java:96) ~[spring-security-web-7.1.0.jar:7.1.0]
	at org.springframework.security.web.FilterChainProxy$VirtualFilterChain.doFilter(FilterChainProxy.java:385) ~[spring-security-web-7.1.0.jar:7.1.0]
	at org.springframework.security.web.header.HeaderWriterFilter.doHeadersAfter(HeaderWriterFilter.java:90) ~[spring-security-web-7.1.0.jar:7.1.0]
	at org.springframework.security.web.header.HeaderWriterFilter.doFilterInternal(HeaderWriterFilter.java:75) ~[spring-security-web-7.1.0.jar:7.1.0]
	at org.springframework.web.filter.OncePerRequestFilter.doFilter(OncePerRequestFilter.java:116) ~[spring-web-7.0.8.jar:7.0.8]
	at org.springframework.security.web.FilterChainProxy$VirtualFilterChain.doFilter(FilterChainProxy.java:385) ~[spring-security-web-7.1.0.jar:7.1.0]
	at org.springframework.security.web.context.SecurityContextHolderFilter.doFilter(SecurityContextHolderFilter.java:82) ~[spring-security-web-7.1.0.jar:7.1.0]
	at org.springframework.security.web.context.SecurityContextHolderFilter.doFilter(SecurityContextHolderFilter.java:69) ~[spring-security-web-7.1.0.jar:7.1.0]
	at org.springframework.security.web.FilterChainProxy$VirtualFilterChain.doFilter(FilterChainProxy.java:385) ~[spring-security-web-7.1.0.jar:7.1.0]
	at org.springframework.security.web.context.request.async.WebAsyncManagerIntegrationFilter.doFilterInternal(WebAsyncManagerIntegrationFilter.java:62) ~[spring-security-web-7.1.0.jar:7.1.0]
	at org.springframework.web.filter.OncePerRequestFilter.doFilter(OncePerRequestFilter.java:116) ~[spring-web-7.0.8.jar:7.0.8]
	at org.springframework.security.web.FilterChainProxy$VirtualFilterChain.doFilter(FilterChainProxy.java:385) ~[spring-security-web-7.1.0.jar:7.1.0]
	at org.springframework.security.web.session.DisableEncodeUrlFilter.doFilterInternal(DisableEncodeUrlFilter.java:42) ~[spring-security-web-7.1.0.jar:7.1.0]
	at org.springframework.web.filter.OncePerRequestFilter.doFilter(OncePerRequestFilter.java:116) ~[spring-web-7.0.8.jar:7.0.8]
	at org.springframework.security.web.FilterChainProxy$VirtualFilterChain.doFilter(FilterChainProxy.java:385) ~[spring-security-web-7.1.0.jar:7.1.0]
	at org.springframework.security.web.FilterChainProxy.doFilterInternal(FilterChainProxy.java:237) ~[spring-security-web-7.1.0.jar:7.1.0]
	at org.springframework.security.web.FilterChainProxy.doFilter(FilterChainProxy.java:195) ~[spring-security-web-7.1.0.jar:7.1.0]
	at org.springframework.web.filter.CompositeFilter$VirtualFilterChain.doFilter(CompositeFilter.java:113) ~[spring-web-7.0.8.jar:7.0.8]
	at org.springframework.web.filter.ServletRequestPathFilter.doFilter(ServletRequestPathFilter.java:52) ~[spring-web-7.0.8.jar:7.0.8]
	at org.springframework.web.filter.CompositeFilter$VirtualFilterChain.doFilter(CompositeFilter.java:113) ~[spring-web-7.0.8.jar:7.0.8]
	at org.springframework.web.filter.CompositeFilter.doFilter(CompositeFilter.java:74) ~[spring-web-7.0.8.jar:7.0.8]
	at org.springframework.security.config.annotation.web.configuration.WebSecurityConfiguration$CompositeFilterChainProxy.doFilter(WebSecurityConfiguration.java:317) ~[spring-security-config-7.1.0.jar:7.1.0]
	at org.springframework.web.filter.DelegatingFilterProxy.invokeDelegate(DelegatingFilterProxy.java:355) ~[spring-web-7.0.8.jar:7.0.8]
	at org.springframework.web.filter.DelegatingFilterProxy.doFilter(DelegatingFilterProxy.java:272) ~[spring-web-7.0.8.jar:7.0.8]
	at org.apache.catalina.core.ApplicationFilterChain.doFilter(ApplicationFilterChain.java:107) ~[tomcat-embed-core-11.0.22.jar:11.0.22]
	at org.springframework.web.filter.RequestContextFilter.doFilterInternal(RequestContextFilter.java:100) ~[spring-web-7.0.8.jar:7.0.8]
	at org.springframework.web.filter.OncePerRequestFilter.doFilter(OncePerRequestFilter.java:116) ~[spring-web-7.0.8.jar:7.0.8]
	at org.apache.catalina.core.ApplicationFilterChain.doFilter(ApplicationFilterChain.java:107) ~[tomcat-embed-core-11.0.22.jar:11.0.22]
	at org.springframework.web.filter.FormContentFilter.doFilterInternal(FormContentFilter.java:93) ~[spring-web-7.0.8.jar:7.0.8]
	at org.springframework.web.filter.OncePerRequestFilter.doFilter(OncePerRequestFilter.java:116) ~[spring-web-7.0.8.jar:7.0.8]
	at org.apache.catalina.core.ApplicationFilterChain.doFilter(ApplicationFilterChain.java:107) ~[tomcat-embed-core-11.0.22.jar:11.0.22]
	at org.springframework.web.filter.CharacterEncodingFilter.doFilterInternal(CharacterEncodingFilter.java:199) ~[spring-web-7.0.8.jar:7.0.8]
	at org.springframework.web.filter.OncePerRequestFilter.doFilter(OncePerRequestFilter.java:116) ~[spring-web-7.0.8.jar:7.0.8]
	at org.apache.catalina.core.ApplicationFilterChain.doFilter(ApplicationFilterChain.java:107) ~[tomcat-embed-core-11.0.22.jar:11.0.22]
	at org.apache.catalina.core.StandardWrapperValve.invoke(StandardWrapperValve.java:165) ~[tomcat-embed-core-11.0.22.jar:11.0.22]
	at org.apache.catalina.core.StandardContextValve.invoke(StandardContextValve.java:77) ~[tomcat-embed-core-11.0.22.jar:11.0.22]
	at org.apache.catalina.authenticator.AuthenticatorBase.invoke(AuthenticatorBase.java:492) ~[tomcat-embed-core-11.0.22.jar:11.0.22]
	at org.apache.catalina.core.StandardHostValve.invoke(StandardHostValve.java:113) ~[tomcat-embed-core-11.0.22.jar:11.0.22]
	at org.apache.catalina.valves.ErrorReportValve.invoke(ErrorReportValve.java:83) ~[tomcat-embed-core-11.0.22.jar:11.0.22]
	at org.apache.catalina.core.StandardEngineValve.invoke(StandardEngineValve.java:72) ~[tomcat-embed-core-11.0.22.jar:11.0.22]
	at org.apache.catalina.connector.CoyoteAdapter.service(CoyoteAdapter.java:341) ~[tomcat-embed-core-11.0.22.jar:11.0.22]
	at org.apache.coyote.http11.Http11Processor.service(Http11Processor.java:397) ~[tomcat-embed-core-11.0.22.jar:11.0.22]
	at org.apache.coyote.AbstractProcessorLight.process(AbstractProcessorLight.java:63) ~[tomcat-embed-core-11.0.22.jar:11.0.22]
	at org.apache.coyote.AbstractProtocol$ConnectionHandler.process(AbstractProtocol.java:1272) ~[tomcat-embed-core-11.0.22.jar:11.0.22]
	at org.apache.tomcat.util.net.NioEndpoint$SocketProcessor.doRun(NioEndpoint.java:1801) ~[tomcat-embed-core-11.0.22.jar:11.0.22]
	at org.apache.tomcat.util.net.SocketProcessorBase.run(SocketProcessorBase.java:52) ~[tomcat-embed-core-11.0.22.jar:11.0.22]
	at org.apache.tomcat.util.threads.ThreadPoolExecutor.runWorker(ThreadPoolExecutor.java:946) ~[tomcat-embed-core-11.0.22.jar:11.0.22]
	at org.apache.tomcat.util.threads.ThreadPoolExecutor$Worker.run(ThreadPoolExecutor.java:480) ~[tomcat-embed-core-11.0.22.jar:11.0.22]
	at org.apache.tomcat.util.threads.TaskThread$WrappingRunnable.run(TaskThread.java:57) ~[tomcat-embed-core-11.0.22.jar:11.0.22]
	at java.base/java.lang.Thread.run(Thread.java:1583) ~[na:na]
Caused by: org.hibernate.exception.SQLGrammarException: JDBC exception executing SQL [ERROR: relation "categories" does not exist
  Position: 57] [select c1_0.id,c1_0.color_ramp,c1_0.icon,c1_0.name from categories c1_0]
	at org.hibernate.exception.internal.SQLStateConversionDelegate.convert(SQLStateConversionDelegate.java:63) ~[hibernate-core-7.4.1.Final.jar:7.4.1.Final]
	at org.hibernate.exception.internal.StandardSQLExceptionConverter.convert(StandardSQLExceptionConverter.java:34) ~[hibernate-core-7.4.1.Final.jar:7.4.1.Final]
	at org.hibernate.engine.jdbc.spi.SqlExceptionHelper.convert(SqlExceptionHelper.java:115) ~[hibernate-core-7.4.1.Final.jar:7.4.1.Final]
	at org.hibernate.sql.results.jdbc.internal.DeferredResultSetAccess.executeQuery(DeferredResultSetAccess.java:292) ~[hibernate-core-7.4.1.Final.jar:7.4.1.Final]
	at org.hibernate.sql.results.jdbc.internal.DeferredResultSetAccess.getResultSet(DeferredResultSetAccess.java:188) ~[hibernate-core-7.4.1.Final.jar:7.4.1.Final]
	at org.hibernate.sql.results.jdbc.internal.JdbcValuesResultSetImpl.<init>(JdbcValuesResultSetImpl.java:71) ~[hibernate-core-7.4.1.Final.jar:7.4.1.Final]
	at org.hibernate.sql.exec.internal.JdbcSelectExecutorStandardImpl.resolveJdbcValues(JdbcSelectExecutorStandardImpl.java:422) ~[hibernate-core-7.4.1.Final.jar:7.4.1.Final]
	at org.hibernate.sql.exec.internal.JdbcSelectExecutorStandardImpl.resolveJdbcValuesSource(JdbcSelectExecutorStandardImpl.java:349) ~[hibernate-core-7.4.1.Final.jar:7.4.1.Final]
	at org.hibernate.sql.exec.internal.JdbcSelectExecutorStandardImpl.doExecuteQuery(JdbcSelectExecutorStandardImpl.java:143) ~[hibernate-core-7.4.1.Final.jar:7.4.1.Final]
	at org.hibernate.sql.exec.internal.JdbcSelectExecutorStandardImpl.executeQuery(JdbcSelectExecutorStandardImpl.java:100) ~[hibernate-core-7.4.1.Final.jar:7.4.1.Final]
	at org.hibernate.sql.exec.spi.JdbcSelectExecutor.executeQuery(JdbcSelectExecutor.java:63) ~[hibernate-core-7.4.1.Final.jar:7.4.1.Final]
	at org.hibernate.sql.exec.spi.JdbcSelectExecutor.list(JdbcSelectExecutor.java:137) ~[hibernate-core-7.4.1.Final.jar:7.4.1.Final]
	at org.hibernate.query.sqm.internal.ConcreteSqmSelectQueryPlan.lambda$new$1(ConcreteSqmSelectQueryPlan.java:136) ~[hibernate-core-7.4.1.Final.jar:7.4.1.Final]
	at org.hibernate.query.sqm.internal.ConcreteSqmSelectQueryPlan.withCacheableSqmInterpretation(ConcreteSqmSelectQueryPlan.java:484) ~[hibernate-core-7.4.1.Final.jar:7.4.1.Final]
	at org.hibernate.query.sqm.internal.ConcreteSqmSelectQueryPlan.performList(ConcreteSqmSelectQueryPlan.java:411) ~[hibernate-core-7.4.1.Final.jar:7.4.1.Final]
	at org.hibernate.query.sqm.internal.SqmQueryImpl.doList(SqmQueryImpl.java:379) ~[hibernate-core-7.4.1.Final.jar:7.4.1.Final]
	at org.hibernate.query.spi.AbstractSelectionQuery.list(AbstractSelectionQuery.java:153) ~[hibernate-core-7.4.1.Final.jar:7.4.1.Final]
	at org.hibernate.query.Query.getResultList(Query.java:121) ~[hibernate-core-7.4.1.Final.jar:7.4.1.Final]
	at org.springframework.data.jpa.repository.support.SimpleJpaRepository.findAll(SimpleJpaRepository.java:412) ~[spring-data-jpa-4.1.0.jar:4.1.0]
	at java.base/jdk.internal.reflect.DirectMethodHandleAccessor.invoke(DirectMethodHandleAccessor.java:103) ~[na:na]
	at java.base/java.lang.reflect.Method.invoke(Method.java:580) ~[na:na]
	at org.springframework.aop.support.AopUtils.invokeJoinpointUsingReflection(AopUtils.java:359) ~[spring-aop-7.0.8.jar:7.0.8]
	at org.springframework.data.repository.core.support.RepositoryMethodInvoker$RepositoryFragmentMethodInvoker.lambda$new$0(RepositoryMethodInvoker.java:278) ~[spring-data-commons-4.1.0.jar:4.1.0]
	at org.springframework.data.repository.core.support.RepositoryMethodInvoker.doInvoke(RepositoryMethodInvoker.java:169) ~[spring-data-commons-4.1.0.jar:4.1.0]
	at org.springframework.data.repository.core.support.RepositoryMethodInvoker.invoke(RepositoryMethodInvoker.java:158) ~[spring-data-commons-4.1.0.jar:4.1.0]
	at org.springframework.data.repository.core.support.RepositoryComposition$RepositoryFragments.invoke(RepositoryComposition.java:545) ~[spring-data-commons-4.1.0.jar:4.1.0]
	at org.springframework.data.repository.core.support.RepositoryComposition.invoke(RepositoryComposition.java:290) ~[spring-data-commons-4.1.0.jar:4.1.0]
	at org.springframework.data.repository.core.support.RepositoryFactorySupport$ImplementationMethodExecutionInterceptor.invoke(RepositoryFactorySupport.java:690) ~[spring-data-commons-4.1.0.jar:4.1.0]
	at org.springframework.aop.framework.ReflectiveMethodInvocation.proceed(ReflectiveMethodInvocation.java:179) ~[spring-aop-7.0.8.jar:7.0.8]
	at org.springframework.data.repository.core.support.QueryExecutorMethodInterceptor.doInvoke(QueryExecutorMethodInterceptor.java:171) ~[spring-data-commons-4.1.0.jar:4.1.0]
	at org.springframework.data.repository.core.support.QueryExecutorMethodInterceptor.invoke(QueryExecutorMethodInterceptor.java:146) ~[spring-data-commons-4.1.0.jar:4.1.0]
	at org.springframework.aop.framework.ReflectiveMethodInvocation.proceed(ReflectiveMethodInvocation.java:179) ~[spring-aop-7.0.8.jar:7.0.8]
	at org.springframework.data.projection.DefaultMethodInvokingMethodInterceptor.invoke(DefaultMethodInvokingMethodInterceptor.java:69) ~[spring-data-commons-4.1.0.jar:4.1.0]
	at org.springframework.aop.framework.ReflectiveMethodInvocation.proceed(ReflectiveMethodInvocation.java:179) ~[spring-aop-7.0.8.jar:7.0.8]
	at org.springframework.transaction.interceptor.TransactionInterceptor$1.proceedWithInvocation(TransactionInterceptor.java:133) ~[spring-tx-7.0.8.jar:7.0.8]
	at org.springframework.transaction.interceptor.TransactionAspectSupport.invokeWithinTransaction(TransactionAspectSupport.java:371) ~[spring-tx-7.0.8.jar:7.0.8]
	at org.springframework.transaction.interceptor.TransactionInterceptor.invoke(TransactionInterceptor.java:130) ~[spring-tx-7.0.8.jar:7.0.8]
	at org.springframework.aop.framework.ReflectiveMethodInvocation.proceed(ReflectiveMethodInvocation.java:179) ~[spring-aop-7.0.8.jar:7.0.8]
	at org.springframework.dao.support.PersistenceExceptionTranslationInterceptor.invoke(PersistenceExceptionTranslationInterceptor.java:135) ~[spring-tx-7.0.8.jar:7.0.8]
	... 118 common frames omitted
Caused by: org.postgresql.util.PSQLException: ERROR: relation "categories" does not exist
  Position: 57
	at org.postgresql.core.v3.QueryExecutorImpl.receiveErrorResponse(QueryExecutorImpl.java:2904) ~[postgresql-42.7.11.jar:42.7.11]
	at org.postgresql.core.v3.QueryExecutorImpl.processResults(QueryExecutorImpl.java:2589) ~[postgresql-42.7.11.jar:42.7.11]
	at org.postgresql.core.v3.QueryExecutorImpl.execute(QueryExecutorImpl.java:431) ~[postgresql-42.7.11.jar:42.7.11]
	at org.postgresql.jdbc.PgStatement.executeInternal(PgStatement.java:534) ~[postgresql-42.7.11.jar:42.7.11]
	at org.postgresql.jdbc.PgStatement.execute(PgStatement.java:437) ~[postgresql-42.7.11.jar:42.7.11]
	at org.postgresql.jdbc.PgPreparedStatement.executeWithFlags(PgPreparedStatement.java:196) ~[postgresql-42.7.11.jar:42.7.11]
	at org.postgresql.jdbc.PgPreparedStatement.executeQuery(PgPreparedStatement.java:139) ~[postgresql-42.7.11.jar:42.7.11]
	at com.zaxxer.hikari.pool.ProxyPreparedStatement.executeQuery(ProxyPreparedStatement.java:52) ~[HikariCP-7.0.2.jar:na]
	at com.zaxxer.hikari.pool.HikariProxyPreparedStatement.executeQuery(HikariProxyPreparedStatement.java) ~[HikariCP-7.0.2.jar:na]
	at org.hibernate.sql.results.jdbc.internal.DeferredResultSetAccess.executeQuery(DeferredResultSetAccess.java:269) ~[hibernate-core-7.4.1.Final.jar:7.4.1.Final]
	... 153 common frames omitted

2026-06-22T22:14:03.775+02:00  WARN 12224 --- [Pair] [nio-8090-exec-1] .m.m.a.ExceptionHandlerExceptionResolver : Resolved [org.springframework.dao.InvalidDataAccessResourceUsageException: JDBC exception executing SQL [ERROR: relation "categories" does not exist<EOL>  Position: 57] [select c1_0.id,c1_0.color_ramp,c1_0.icon,c1_0.name from categories c1_0]; SQL [select c1_0.id,c1_0.color_ramp,c1_0.icon,c1_0.name from categories c1_0]]
2026-06-22T22:20:52.307+02:00  WARN 12224 --- [Pair] [nio-8090-exec-3] org.hibernate.orm.jdbc.error             : HHH000247: ErrorCode: 0, SQLState: 42P01
2026-06-22T22:20:52.307+02:00  WARN 12224 --- [Pair] [nio-8090-exec-3] org.hibernate.orm.jdbc.error             : ERROR: relation "activities" does not exist
  Position: 121
2026-06-22T22:20:52.308+02:00 ERROR 12224 --- [Pair] [nio-8090-exec-3] o.p.p.s.e.GlobalExceptionHandler         : Erreur non gérée

org.springframework.dao.InvalidDataAccessResourceUsageException: JDBC exception executing SQL [ERROR: relation "activities" does not exist
  Position: 121] [select a1_0.id,a1_0.category_id,a1_0.created_at,a1_0.description,a1_0.embedding,a1_0.name,a1_0.parent_id,a1_0.slug from activities a1_0 offset ? rows fetch first ? rows only]; SQL [select a1_0.id,a1_0.category_id,a1_0.created_at,a1_0.description,a1_0.embedding,a1_0.name,a1_0.parent_id,a1_0.slug from activities a1_0 offset ? rows fetch first ? rows only]
	at org.springframework.orm.jpa.hibernate.HibernateExceptionTranslator.convertHibernateAccessException(HibernateExceptionTranslator.java:156) ~[spring-orm-7.0.8.jar:7.0.8]
	at org.springframework.orm.jpa.hibernate.HibernateExceptionTranslator.convertHibernateAccessException(HibernateExceptionTranslator.java:131) ~[spring-orm-7.0.8.jar:7.0.8]
	at org.springframework.orm.jpa.hibernate.HibernateExceptionTranslator.translateExceptionIfPossible(HibernateExceptionTranslator.java:105) ~[spring-orm-7.0.8.jar:7.0.8]
	at org.springframework.orm.jpa.vendor.HibernateJpaDialect.translateExceptionIfPossible(HibernateJpaDialect.java:223) ~[spring-orm-7.0.8.jar:7.0.8]
	at org.springframework.orm.jpa.AbstractEntityManagerFactoryBean.translateExceptionIfPossible(AbstractEntityManagerFactoryBean.java:577) ~[spring-orm-7.0.8.jar:7.0.8]
	at org.springframework.dao.support.ChainedPersistenceExceptionTranslator.translateExceptionIfPossible(ChainedPersistenceExceptionTranslator.java:61) ~[spring-tx-7.0.8.jar:7.0.8]
	at org.springframework.dao.support.DataAccessUtils.translateIfNecessary(DataAccessUtils.java:346) ~[spring-tx-7.0.8.jar:7.0.8]
	at org.springframework.dao.support.PersistenceExceptionTranslationInterceptor.invoke(PersistenceExceptionTranslationInterceptor.java:157) ~[spring-tx-7.0.8.jar:7.0.8]
	at org.springframework.aop.framework.ReflectiveMethodInvocation.proceed(ReflectiveMethodInvocation.java:179) ~[spring-aop-7.0.8.jar:7.0.8]
	at org.springframework.data.jpa.repository.support.CrudMethodMetadataPostProcessor$CrudMethodMetadataPopulatingMethodInterceptor.invoke(CrudMethodMetadataPostProcessor.java:166) ~[spring-data-jpa-4.1.0.jar:4.1.0]
	at org.springframework.aop.framework.ReflectiveMethodInvocation.proceed(ReflectiveMethodInvocation.java:179) ~[spring-aop-7.0.8.jar:7.0.8]
	at org.springframework.aop.framework.JdkDynamicAopProxy.invoke(JdkDynamicAopProxy.java:222) ~[spring-aop-7.0.8.jar:7.0.8]
	at jdk.proxy4/jdk.proxy4.$Proxy173.findAll(Unknown Source) ~[na:na]
	at org.program.pair.domain.activity.ActivityService.searchActivities(ActivityService.java:51) ~[classes/:na]
	at java.base/jdk.internal.reflect.DirectMethodHandleAccessor.invoke(DirectMethodHandleAccessor.java:103) ~[na:na]
	at java.base/java.lang.reflect.Method.invoke(Method.java:580) ~[na:na]
	at org.springframework.aop.support.AopUtils.invokeJoinpointUsingReflection(AopUtils.java:359) ~[spring-aop-7.0.8.jar:7.0.8]
	at org.springframework.aop.framework.ReflectiveMethodInvocation.invokeJoinpoint(ReflectiveMethodInvocation.java:190) ~[spring-aop-7.0.8.jar:7.0.8]
	at org.springframework.aop.framework.ReflectiveMethodInvocation.proceed(ReflectiveMethodInvocation.java:158) ~[spring-aop-7.0.8.jar:7.0.8]
	at org.springframework.transaction.interceptor.TransactionInterceptor$1.proceedWithInvocation(TransactionInterceptor.java:133) ~[spring-tx-7.0.8.jar:7.0.8]
	at org.springframework.transaction.interceptor.TransactionAspectSupport.invokeWithinTransaction(TransactionAspectSupport.java:371) ~[spring-tx-7.0.8.jar:7.0.8]
	at org.springframework.transaction.interceptor.TransactionInterceptor.invoke(TransactionInterceptor.java:130) ~[spring-tx-7.0.8.jar:7.0.8]
	at org.springframework.aop.framework.ReflectiveMethodInvocation.proceed(ReflectiveMethodInvocation.java:179) ~[spring-aop-7.0.8.jar:7.0.8]
	at org.springframework.aop.framework.CglibAopProxy$DynamicAdvisedInterceptor.intercept(CglibAopProxy.java:719) ~[spring-aop-7.0.8.jar:7.0.8]
	at org.program.pair.domain.activity.ActivityService$$SpringCGLIB$$0.searchActivities(<generated>) ~[classes/:na]
	at org.program.pair.domain.activity.ActivityController.searchActivities(ActivityController.java:36) ~[classes/:na]
	at java.base/jdk.internal.reflect.DirectMethodHandleAccessor.invoke(DirectMethodHandleAccessor.java:103) ~[na:na]
	at java.base/java.lang.reflect.Method.invoke(Method.java:580) ~[na:na]
	at org.springframework.aop.support.AopUtils.invokeJoinpointUsingReflection(AopUtils.java:359) ~[spring-aop-7.0.8.jar:7.0.8]
	at org.springframework.aop.framework.ReflectiveMethodInvocation.invokeJoinpoint(ReflectiveMethodInvocation.java:190) ~[spring-aop-7.0.8.jar:7.0.8]
	at org.springframework.aop.framework.ReflectiveMethodInvocation.proceed(ReflectiveMethodInvocation.java:158) ~[spring-aop-7.0.8.jar:7.0.8]
	at org.springframework.validation.beanvalidation.MethodValidationInterceptor.invoke(MethodValidationInterceptor.java:172) ~[spring-context-7.0.8.jar:7.0.8]
	at org.springframework.aop.framework.ReflectiveMethodInvocation.proceed(ReflectiveMethodInvocation.java:179) ~[spring-aop-7.0.8.jar:7.0.8]
	at org.springframework.aop.framework.CglibAopProxy$DynamicAdvisedInterceptor.intercept(CglibAopProxy.java:719) ~[spring-aop-7.0.8.jar:7.0.8]
	at org.program.pair.domain.activity.ActivityController$$SpringCGLIB$$0.searchActivities(<generated>) ~[classes/:na]
	at java.base/jdk.internal.reflect.DirectMethodHandleAccessor.invoke(DirectMethodHandleAccessor.java:103) ~[na:na]
	at java.base/java.lang.reflect.Method.invoke(Method.java:580) ~[na:na]
	at org.springframework.web.method.support.InvocableHandlerMethod.doInvoke(InvocableHandlerMethod.java:252) ~[spring-web-7.0.8.jar:7.0.8]
	at org.springframework.web.method.support.InvocableHandlerMethod.invokeForRequest(InvocableHandlerMethod.java:184) ~[spring-web-7.0.8.jar:7.0.8]
	at org.springframework.web.servlet.mvc.method.annotation.ServletInvocableHandlerMethod.invokeAndHandle(ServletInvocableHandlerMethod.java:117) ~[spring-webmvc-7.0.8.jar:7.0.8]
	at org.springframework.web.servlet.mvc.method.annotation.RequestMappingHandlerAdapter.invokeHandlerMethod(RequestMappingHandlerAdapter.java:934) ~[spring-webmvc-7.0.8.jar:7.0.8]
	at org.springframework.web.servlet.mvc.method.annotation.RequestMappingHandlerAdapter.handleInternal(RequestMappingHandlerAdapter.java:853) ~[spring-webmvc-7.0.8.jar:7.0.8]
	at org.springframework.web.servlet.mvc.method.AbstractHandlerMethodAdapter.handle(AbstractHandlerMethodAdapter.java:86) ~[spring-webmvc-7.0.8.jar:7.0.8]
	at org.springframework.web.servlet.DispatcherServlet.doDispatch(DispatcherServlet.java:963) ~[spring-webmvc-7.0.8.jar:7.0.8]
	at org.springframework.web.servlet.DispatcherServlet.doService(DispatcherServlet.java:866) ~[spring-webmvc-7.0.8.jar:7.0.8]
	at org.springframework.web.servlet.FrameworkServlet.processRequest(FrameworkServlet.java:1000) ~[spring-webmvc-7.0.8.jar:7.0.8]
	at org.springframework.web.servlet.FrameworkServlet.doGet(FrameworkServlet.java:892) ~[spring-webmvc-7.0.8.jar:7.0.8]
	at jakarta.servlet.http.HttpServlet.service(HttpServlet.java:622) ~[tomcat-embed-core-11.0.22.jar:6.1]
	at org.springframework.web.servlet.FrameworkServlet.service(FrameworkServlet.java:874) ~[spring-webmvc-7.0.8.jar:7.0.8]
	at jakarta.servlet.http.HttpServlet.service(HttpServlet.java:710) ~[tomcat-embed-core-11.0.22.jar:6.1]
	at org.apache.catalina.core.ApplicationFilterChain.doFilter(ApplicationFilterChain.java:128) ~[tomcat-embed-core-11.0.22.jar:11.0.22]
	at org.apache.tomcat.websocket.server.WsFilter.doFilter(WsFilter.java:53) ~[tomcat-embed-websocket-11.0.22.jar:11.0.22]
	at org.apache.catalina.core.ApplicationFilterChain.doFilter(ApplicationFilterChain.java:107) ~[tomcat-embed-core-11.0.22.jar:11.0.22]
	at org.springframework.web.filter.OncePerRequestFilter.doFilter(OncePerRequestFilter.java:110) ~[spring-web-7.0.8.jar:7.0.8]
	at org.apache.catalina.core.ApplicationFilterChain.doFilter(ApplicationFilterChain.java:107) ~[tomcat-embed-core-11.0.22.jar:11.0.22]
	at org.springframework.web.filter.CompositeFilter$VirtualFilterChain.doFilter(CompositeFilter.java:108) ~[spring-web-7.0.8.jar:7.0.8]
	at org.springframework.security.web.FilterChainProxy.lambda$doFilterInternal$2(FilterChainProxy.java:235) ~[spring-security-web-7.1.0.jar:7.1.0]
	at org.springframework.security.web.FilterChainProxy$VirtualFilterChain.doFilter(FilterChainProxy.java:376) ~[spring-security-web-7.1.0.jar:7.1.0]
	at org.springframework.security.web.access.intercept.AuthorizationFilter.doFilter(AuthorizationFilter.java:101) ~[spring-security-web-7.1.0.jar:7.1.0]
	at org.springframework.security.web.FilterChainProxy$VirtualFilterChain.doFilter(FilterChainProxy.java:385) ~[spring-security-web-7.1.0.jar:7.1.0]
	at org.springframework.security.web.access.ExceptionTranslationFilter.doFilter(ExceptionTranslationFilter.java:126) ~[spring-security-web-7.1.0.jar:7.1.0]
	at org.springframework.security.web.access.ExceptionTranslationFilter.doFilter(ExceptionTranslationFilter.java:120) ~[spring-security-web-7.1.0.jar:7.1.0]
	at org.springframework.security.web.FilterChainProxy$VirtualFilterChain.doFilter(FilterChainProxy.java:385) ~[spring-security-web-7.1.0.jar:7.1.0]
	at org.springframework.security.web.session.SessionManagementFilter.doFilter(SessionManagementFilter.java:132) ~[spring-security-web-7.1.0.jar:7.1.0]
	at org.springframework.security.web.session.SessionManagementFilter.doFilter(SessionManagementFilter.java:86) ~[spring-security-web-7.1.0.jar:7.1.0]
	at org.springframework.security.web.FilterChainProxy$VirtualFilterChain.doFilter(FilterChainProxy.java:385) ~[spring-security-web-7.1.0.jar:7.1.0]
	at org.springframework.security.web.authentication.AnonymousAuthenticationFilter.doFilter(AnonymousAuthenticationFilter.java:100) ~[spring-security-web-7.1.0.jar:7.1.0]
	at org.springframework.security.web.FilterChainProxy$VirtualFilterChain.doFilter(FilterChainProxy.java:385) ~[spring-security-web-7.1.0.jar:7.1.0]
	at org.springframework.security.web.servletapi.SecurityContextHolderAwareRequestFilter.doFilter(SecurityContextHolderAwareRequestFilter.java:181) ~[spring-security-web-7.1.0.jar:7.1.0]
	at org.springframework.security.web.FilterChainProxy$VirtualFilterChain.doFilter(FilterChainProxy.java:385) ~[spring-security-web-7.1.0.jar:7.1.0]
	at org.springframework.security.web.savedrequest.RequestCacheAwareFilter.doFilter(RequestCacheAwareFilter.java:63) ~[spring-security-web-7.1.0.jar:7.1.0]
	at org.springframework.security.web.FilterChainProxy$VirtualFilterChain.doFilter(FilterChainProxy.java:385) ~[spring-security-web-7.1.0.jar:7.1.0]
	at org.program.pair.shared.security.JwtAuthFilter.doFilterInternal(JwtAuthFilter.java:41) ~[classes/:na]
	at org.springframework.web.filter.OncePerRequestFilter.doFilter(OncePerRequestFilter.java:116) ~[spring-web-7.0.8.jar:7.0.8]
	at org.springframework.security.web.FilterChainProxy$VirtualFilterChain.doFilter(FilterChainProxy.java:385) ~[spring-security-web-7.1.0.jar:7.1.0]
	at org.springframework.security.web.authentication.logout.LogoutFilter.doFilter(LogoutFilter.java:110) ~[spring-security-web-7.1.0.jar:7.1.0]
	at org.springframework.security.web.authentication.logout.LogoutFilter.doFilter(LogoutFilter.java:96) ~[spring-security-web-7.1.0.jar:7.1.0]
	at org.springframework.security.web.FilterChainProxy$VirtualFilterChain.doFilter(FilterChainProxy.java:385) ~[spring-security-web-7.1.0.jar:7.1.0]
	at org.springframework.security.web.header.HeaderWriterFilter.doHeadersAfter(HeaderWriterFilter.java:90) ~[spring-security-web-7.1.0.jar:7.1.0]
	at org.springframework.security.web.header.HeaderWriterFilter.doFilterInternal(HeaderWriterFilter.java:75) ~[spring-security-web-7.1.0.jar:7.1.0]
	at org.springframework.web.filter.OncePerRequestFilter.doFilter(OncePerRequestFilter.java:116) ~[spring-web-7.0.8.jar:7.0.8]
	at org.springframework.security.web.FilterChainProxy$VirtualFilterChain.doFilter(FilterChainProxy.java:385) ~[spring-security-web-7.1.0.jar:7.1.0]
	at org.springframework.security.web.context.SecurityContextHolderFilter.doFilter(SecurityContextHolderFilter.java:82) ~[spring-security-web-7.1.0.jar:7.1.0]
	at org.springframework.security.web.context.SecurityContextHolderFilter.doFilter(SecurityContextHolderFilter.java:69) ~[spring-security-web-7.1.0.jar:7.1.0]
	at org.springframework.security.web.FilterChainProxy$VirtualFilterChain.doFilter(FilterChainProxy.java:385) ~[spring-security-web-7.1.0.jar:7.1.0]
	at org.springframework.security.web.context.request.async.WebAsyncManagerIntegrationFilter.doFilterInternal(WebAsyncManagerIntegrationFilter.java:62) ~[spring-security-web-7.1.0.jar:7.1.0]
	at org.springframework.web.filter.OncePerRequestFilter.doFilter(OncePerRequestFilter.java:116) ~[spring-web-7.0.8.jar:7.0.8]
	at org.springframework.security.web.FilterChainProxy$VirtualFilterChain.doFilter(FilterChainProxy.java:385) ~[spring-security-web-7.1.0.jar:7.1.0]
	at org.springframework.security.web.session.DisableEncodeUrlFilter.doFilterInternal(DisableEncodeUrlFilter.java:42) ~[spring-security-web-7.1.0.jar:7.1.0]
	at org.springframework.web.filter.OncePerRequestFilter.doFilter(OncePerRequestFilter.java:116) ~[spring-web-7.0.8.jar:7.0.8]
	at org.springframework.security.web.FilterChainProxy$VirtualFilterChain.doFilter(FilterChainProxy.java:385) ~[spring-security-web-7.1.0.jar:7.1.0]
	at org.springframework.security.web.FilterChainProxy.doFilterInternal(FilterChainProxy.java:237) ~[spring-security-web-7.1.0.jar:7.1.0]
	at org.springframework.security.web.FilterChainProxy.doFilter(FilterChainProxy.java:195) ~[spring-security-web-7.1.0.jar:7.1.0]
	at org.springframework.web.filter.CompositeFilter$VirtualFilterChain.doFilter(CompositeFilter.java:113) ~[spring-web-7.0.8.jar:7.0.8]
	at org.springframework.web.filter.ServletRequestPathFilter.doFilter(ServletRequestPathFilter.java:52) ~[spring-web-7.0.8.jar:7.0.8]
	at org.springframework.web.filter.CompositeFilter$VirtualFilterChain.doFilter(CompositeFilter.java:113) ~[spring-web-7.0.8.jar:7.0.8]
	at org.springframework.web.filter.CompositeFilter.doFilter(CompositeFilter.java:74) ~[spring-web-7.0.8.jar:7.0.8]
	at org.springframework.security.config.annotation.web.configuration.WebSecurityConfiguration$CompositeFilterChainProxy.doFilter(WebSecurityConfiguration.java:317) ~[spring-security-config-7.1.0.jar:7.1.0]
	at org.springframework.web.filter.DelegatingFilterProxy.invokeDelegate(DelegatingFilterProxy.java:355) ~[spring-web-7.0.8.jar:7.0.8]
	at org.springframework.web.filter.DelegatingFilterProxy.doFilter(DelegatingFilterProxy.java:272) ~[spring-web-7.0.8.jar:7.0.8]
	at org.apache.catalina.core.ApplicationFilterChain.doFilter(ApplicationFilterChain.java:107) ~[tomcat-embed-core-11.0.22.jar:11.0.22]
	at org.springframework.web.filter.RequestContextFilter.doFilterInternal(RequestContextFilter.java:100) ~[spring-web-7.0.8.jar:7.0.8]
	at org.springframework.web.filter.OncePerRequestFilter.doFilter(OncePerRequestFilter.java:116) ~[spring-web-7.0.8.jar:7.0.8]
	at org.apache.catalina.core.ApplicationFilterChain.doFilter(ApplicationFilterChain.java:107) ~[tomcat-embed-core-11.0.22.jar:11.0.22]
	at org.springframework.web.filter.FormContentFilter.doFilterInternal(FormContentFilter.java:93) ~[spring-web-7.0.8.jar:7.0.8]
	at org.springframework.web.filter.OncePerRequestFilter.doFilter(OncePerRequestFilter.java:116) ~[spring-web-7.0.8.jar:7.0.8]
	at org.apache.catalina.core.ApplicationFilterChain.doFilter(ApplicationFilterChain.java:107) ~[tomcat-embed-core-11.0.22.jar:11.0.22]
	at org.springframework.web.filter.CharacterEncodingFilter.doFilterInternal(CharacterEncodingFilter.java:199) ~[spring-web-7.0.8.jar:7.0.8]
	at org.springframework.web.filter.OncePerRequestFilter.doFilter(OncePerRequestFilter.java:116) ~[spring-web-7.0.8.jar:7.0.8]
	at org.apache.catalina.core.ApplicationFilterChain.doFilter(ApplicationFilterChain.java:107) ~[tomcat-embed-core-11.0.22.jar:11.0.22]
	at org.apache.catalina.core.StandardWrapperValve.invoke(StandardWrapperValve.java:165) ~[tomcat-embed-core-11.0.22.jar:11.0.22]
	at org.apache.catalina.core.StandardContextValve.invoke(StandardContextValve.java:77) ~[tomcat-embed-core-11.0.22.jar:11.0.22]
	at org.apache.catalina.authenticator.AuthenticatorBase.invoke(AuthenticatorBase.java:492) ~[tomcat-embed-core-11.0.22.jar:11.0.22]
	at org.apache.catalina.core.StandardHostValve.invoke(StandardHostValve.java:113) ~[tomcat-embed-core-11.0.22.jar:11.0.22]
	at org.apache.catalina.valves.ErrorReportValve.invoke(ErrorReportValve.java:83) ~[tomcat-embed-core-11.0.22.jar:11.0.22]
	at org.apache.catalina.core.StandardEngineValve.invoke(StandardEngineValve.java:72) ~[tomcat-embed-core-11.0.22.jar:11.0.22]
	at org.apache.catalina.connector.CoyoteAdapter.service(CoyoteAdapter.java:341) ~[tomcat-embed-core-11.0.22.jar:11.0.22]
	at org.apache.coyote.http11.Http11Processor.service(Http11Processor.java:397) ~[tomcat-embed-core-11.0.22.jar:11.0.22]
	at org.apache.coyote.AbstractProcessorLight.process(AbstractProcessorLight.java:63) ~[tomcat-embed-core-11.0.22.jar:11.0.22]
	at org.apache.coyote.AbstractProtocol$ConnectionHandler.process(AbstractProtocol.java:1272) ~[tomcat-embed-core-11.0.22.jar:11.0.22]
	at org.apache.tomcat.util.net.NioEndpoint$SocketProcessor.doRun(NioEndpoint.java:1801) ~[tomcat-embed-core-11.0.22.jar:11.0.22]
	at org.apache.tomcat.util.net.SocketProcessorBase.run(SocketProcessorBase.java:52) ~[tomcat-embed-core-11.0.22.jar:11.0.22]
	at org.apache.tomcat.util.threads.ThreadPoolExecutor.runWorker(ThreadPoolExecutor.java:946) ~[tomcat-embed-core-11.0.22.jar:11.0.22]
	at org.apache.tomcat.util.threads.ThreadPoolExecutor$Worker.run(ThreadPoolExecutor.java:480) ~[tomcat-embed-core-11.0.22.jar:11.0.22]
	at org.apache.tomcat.util.threads.TaskThread$WrappingRunnable.run(TaskThread.java:57) ~[tomcat-embed-core-11.0.22.jar:11.0.22]
	at java.base/java.lang.Thread.run(Thread.java:1583) ~[na:na]
Caused by: org.hibernate.exception.SQLGrammarException: JDBC exception executing SQL [ERROR: relation "activities" does not exist
  Position: 121] [select a1_0.id,a1_0.category_id,a1_0.created_at,a1_0.description,a1_0.embedding,a1_0.name,a1_0.parent_id,a1_0.slug from activities a1_0 offset ? rows fetch first ? rows only]
	at org.hibernate.exception.internal.SQLStateConversionDelegate.convert(SQLStateConversionDelegate.java:63) ~[hibernate-core-7.4.1.Final.jar:7.4.1.Final]
	at org.hibernate.exception.internal.StandardSQLExceptionConverter.convert(StandardSQLExceptionConverter.java:34) ~[hibernate-core-7.4.1.Final.jar:7.4.1.Final]
	at org.hibernate.engine.jdbc.spi.SqlExceptionHelper.convert(SqlExceptionHelper.java:115) ~[hibernate-core-7.4.1.Final.jar:7.4.1.Final]
	at org.hibernate.sql.results.jdbc.internal.DeferredResultSetAccess.executeQuery(DeferredResultSetAccess.java:292) ~[hibernate-core-7.4.1.Final.jar:7.4.1.Final]
	at org.hibernate.sql.results.jdbc.internal.DeferredResultSetAccess.getResultSet(DeferredResultSetAccess.java:188) ~[hibernate-core-7.4.1.Final.jar:7.4.1.Final]
	at org.hibernate.sql.results.jdbc.internal.JdbcValuesResultSetImpl.<init>(JdbcValuesResultSetImpl.java:71) ~[hibernate-core-7.4.1.Final.jar:7.4.1.Final]
	at org.hibernate.sql.exec.internal.JdbcSelectExecutorStandardImpl.resolveJdbcValues(JdbcSelectExecutorStandardImpl.java:422) ~[hibernate-core-7.4.1.Final.jar:7.4.1.Final]
	at org.hibernate.sql.exec.internal.JdbcSelectExecutorStandardImpl.resolveJdbcValuesSource(JdbcSelectExecutorStandardImpl.java:349) ~[hibernate-core-7.4.1.Final.jar:7.4.1.Final]
	at org.hibernate.sql.exec.internal.JdbcSelectExecutorStandardImpl.doExecuteQuery(JdbcSelectExecutorStandardImpl.java:143) ~[hibernate-core-7.4.1.Final.jar:7.4.1.Final]
	at org.hibernate.sql.exec.internal.JdbcSelectExecutorStandardImpl.executeQuery(JdbcSelectExecutorStandardImpl.java:100) ~[hibernate-core-7.4.1.Final.jar:7.4.1.Final]
	at org.hibernate.sql.exec.spi.JdbcSelectExecutor.executeQuery(JdbcSelectExecutor.java:63) ~[hibernate-core-7.4.1.Final.jar:7.4.1.Final]
	at org.hibernate.sql.exec.spi.JdbcSelectExecutor.list(JdbcSelectExecutor.java:137) ~[hibernate-core-7.4.1.Final.jar:7.4.1.Final]
	at org.hibernate.query.sqm.internal.ConcreteSqmSelectQueryPlan.lambda$new$1(ConcreteSqmSelectQueryPlan.java:136) ~[hibernate-core-7.4.1.Final.jar:7.4.1.Final]
	at org.hibernate.query.sqm.internal.ConcreteSqmSelectQueryPlan.withCacheableSqmInterpretation(ConcreteSqmSelectQueryPlan.java:484) ~[hibernate-core-7.4.1.Final.jar:7.4.1.Final]
	at org.hibernate.query.sqm.internal.ConcreteSqmSelectQueryPlan.performList(ConcreteSqmSelectQueryPlan.java:411) ~[hibernate-core-7.4.1.Final.jar:7.4.1.Final]
	at org.hibernate.query.sqm.internal.SqmQueryImpl.doList(SqmQueryImpl.java:379) ~[hibernate-core-7.4.1.Final.jar:7.4.1.Final]
	at org.hibernate.query.spi.AbstractSelectionQuery.list(AbstractSelectionQuery.java:153) ~[hibernate-core-7.4.1.Final.jar:7.4.1.Final]
	at org.hibernate.query.Query.getResultList(Query.java:121) ~[hibernate-core-7.4.1.Final.jar:7.4.1.Final]
	at org.springframework.data.jpa.repository.support.SimpleJpaRepository.readPage(SimpleJpaRepository.java:745) ~[spring-data-jpa-4.1.0.jar:4.1.0]
	at org.springframework.data.jpa.repository.support.SimpleJpaRepository.findAll(SimpleJpaRepository.java:480) ~[spring-data-jpa-4.1.0.jar:4.1.0]
	at org.springframework.data.jpa.repository.support.SimpleJpaRepository.findAll(SimpleJpaRepository.java:469) ~[spring-data-jpa-4.1.0.jar:4.1.0]
	at org.springframework.data.jpa.repository.support.SimpleJpaRepository.findAll(SimpleJpaRepository.java:454) ~[spring-data-jpa-4.1.0.jar:4.1.0]
	at java.base/jdk.internal.reflect.DirectMethodHandleAccessor.invoke(DirectMethodHandleAccessor.java:103) ~[na:na]
	at java.base/java.lang.reflect.Method.invoke(Method.java:580) ~[na:na]
	at org.springframework.aop.support.AopUtils.invokeJoinpointUsingReflection(AopUtils.java:359) ~[spring-aop-7.0.8.jar:7.0.8]
	at org.springframework.data.repository.core.support.RepositoryMethodInvoker$RepositoryFragmentMethodInvoker.lambda$new$0(RepositoryMethodInvoker.java:278) ~[spring-data-commons-4.1.0.jar:4.1.0]
	at org.springframework.data.repository.core.support.RepositoryMethodInvoker.doInvoke(RepositoryMethodInvoker.java:169) ~[spring-data-commons-4.1.0.jar:4.1.0]
	at org.springframework.data.repository.core.support.RepositoryMethodInvoker.invoke(RepositoryMethodInvoker.java:158) ~[spring-data-commons-4.1.0.jar:4.1.0]
	at org.springframework.data.repository.core.support.RepositoryComposition$RepositoryFragments.invoke(RepositoryComposition.java:545) ~[spring-data-commons-4.1.0.jar:4.1.0]
	at org.springframework.data.repository.core.support.RepositoryComposition.invoke(RepositoryComposition.java:290) ~[spring-data-commons-4.1.0.jar:4.1.0]
	at org.springframework.data.repository.core.support.RepositoryFactorySupport$ImplementationMethodExecutionInterceptor.invoke(RepositoryFactorySupport.java:690) ~[spring-data-commons-4.1.0.jar:4.1.0]
	at org.springframework.aop.framework.ReflectiveMethodInvocation.proceed(ReflectiveMethodInvocation.java:179) ~[spring-aop-7.0.8.jar:7.0.8]
	at org.springframework.data.repository.core.support.QueryExecutorMethodInterceptor.doInvoke(QueryExecutorMethodInterceptor.java:171) ~[spring-data-commons-4.1.0.jar:4.1.0]
	at org.springframework.data.repository.core.support.QueryExecutorMethodInterceptor.invoke(QueryExecutorMethodInterceptor.java:146) ~[spring-data-commons-4.1.0.jar:4.1.0]
	at org.springframework.aop.framework.ReflectiveMethodInvocation.proceed(ReflectiveMethodInvocation.java:179) ~[spring-aop-7.0.8.jar:7.0.8]
	at org.springframework.data.projection.DefaultMethodInvokingMethodInterceptor.invoke(DefaultMethodInvokingMethodInterceptor.java:69) ~[spring-data-commons-4.1.0.jar:4.1.0]
	at org.springframework.aop.framework.ReflectiveMethodInvocation.proceed(ReflectiveMethodInvocation.java:179) ~[spring-aop-7.0.8.jar:7.0.8]
	at org.springframework.transaction.interceptor.TransactionInterceptor$1.proceedWithInvocation(TransactionInterceptor.java:133) ~[spring-tx-7.0.8.jar:7.0.8]
	at org.springframework.transaction.interceptor.TransactionAspectSupport.invokeWithinTransaction(TransactionAspectSupport.java:371) ~[spring-tx-7.0.8.jar:7.0.8]
	at org.springframework.transaction.interceptor.TransactionInterceptor.invoke(TransactionInterceptor.java:130) ~[spring-tx-7.0.8.jar:7.0.8]
	at org.springframework.aop.framework.ReflectiveMethodInvocation.proceed(ReflectiveMethodInvocation.java:179) ~[spring-aop-7.0.8.jar:7.0.8]
	at org.springframework.dao.support.PersistenceExceptionTranslationInterceptor.invoke(PersistenceExceptionTranslationInterceptor.java:135) ~[spring-tx-7.0.8.jar:7.0.8]
	... 118 common frames omitted
Caused by: org.postgresql.util.PSQLException: ERROR: relation "activities" does not exist
  Position: 121
	at org.postgresql.core.v3.QueryExecutorImpl.receiveErrorResponse(QueryExecutorImpl.java:2904) ~[postgresql-42.7.11.jar:42.7.11]
	at org.postgresql.core.v3.QueryExecutorImpl.processResults(QueryExecutorImpl.java:2589) ~[postgresql-42.7.11.jar:42.7.11]
	at org.postgresql.core.v3.QueryExecutorImpl.execute(QueryExecutorImpl.java:431) ~[postgresql-42.7.11.jar:42.7.11]
	at org.postgresql.jdbc.PgStatement.executeInternal(PgStatement.java:534) ~[postgresql-42.7.11.jar:42.7.11]
	at org.postgresql.jdbc.PgStatement.execute(PgStatement.java:437) ~[postgresql-42.7.11.jar:42.7.11]
	at org.postgresql.jdbc.PgPreparedStatement.executeWithFlags(PgPreparedStatement.java:196) ~[postgresql-42.7.11.jar:42.7.11]
	at org.postgresql.jdbc.PgPreparedStatement.executeQuery(PgPreparedStatement.java:139) ~[postgresql-42.7.11.jar:42.7.11]
	at com.zaxxer.hikari.pool.ProxyPreparedStatement.executeQuery(ProxyPreparedStatement.java:52) ~[HikariCP-7.0.2.jar:na]
	at com.zaxxer.hikari.pool.HikariProxyPreparedStatement.executeQuery(HikariProxyPreparedStatement.java) ~[HikariCP-7.0.2.jar:na]
	at org.hibernate.sql.results.jdbc.internal.DeferredResultSetAccess.executeQuery(DeferredResultSetAccess.java:269) ~[hibernate-core-7.4.1.Final.jar:7.4.1.Final]
	... 156 common frames omitted

2026-06-22T22:20:52.311+02:00  WARN 12224 --- [Pair] [nio-8090-exec-3] .m.m.a.ExceptionHandlerExceptionResolver : Resolved [org.springframework.dao.InvalidDataAccessResourceUsageException: JDBC exception executing SQL [ERROR: relation "activities" does not exist<EOL>  Position: 121] [select a1_0.id,a1_0.category_id,a1_0.created_at,a1_0.description,a1_0.embedding,a1_0.name,a1_0.parent_id,a1_0.slug from activities a1_0 offset ? rows fetch first ? rows only]; SQL [select a1_0.id,a1_0.category_id,a1_0.created_at,a1_0.description,a1_0.embedding,a1_0.name,a1_0.parent_id,a1_0.slug from activities a1_0 offset ? rows fetch first ? rows only]]
2026-06-22T22:23:35.153+02:00  INFO 12224 --- [Pair] [   File Watcher] rtingClassPathChangeChangedEventListener : Restarting due to 11 class path changes (0 additions, 7 deletions, 4 modifications)
2026-06-22T22:23:35.161+02:00  INFO 12224 --- [Pair] [       Thread-1] o.s.boot.tomcat.GracefulShutdown         : Commencing graceful shutdown. Waiting for active requests to complete
2026-06-22T22:23:35.171+02:00  INFO 12224 --- [Pair] [tomcat-shutdown] o.s.boot.tomcat.GracefulShutdown         : Graceful shutdown complete
2026-06-22T22:23:35.174+02:00  INFO 12224 --- [Pair] [       Thread-1] j.LocalContainerEntityManagerFactoryBean : Closing JPA EntityManagerFactory for persistence unit 'default'
2026-06-22T22:23:35.179+02:00  INFO 12224 --- [Pair] [       Thread-1] com.zaxxer.hikari.HikariDataSource       : HikariPool-1 - Shutdown initiated...
2026-06-22T22:23:35.183+02:00  INFO 12224 --- [Pair] [       Thread-1] com.zaxxer.hikari.HikariDataSource       : HikariPool-1 - Shutdown completed.

  .   ____          _            __ _ _
 /\\ / ___'_ __ _ _(_)_ __  __ _ \ \ \ \
( ( )\___ | '_ | '_| | '_ \/ _` | \ \ \ \
 \\/  ___)| |_)| | | | | || (_| |  ) ) ) )
  '  |____| .__|_| |_|_| |_\__, | / / / /
 =========|_|==============|___/=/_/_/_/

 :: Spring Boot ::                (v4.1.0)

2026-06-22T22:23:35.316+02:00  INFO 12224 --- [Pair] [  restartedMain] org.program.pair.PairApplication         : Starting PairApplication using Java 21.0.1 with PID 12224 (C:\Users\paric\Downloads\core-spring-labfiles\core-spring-labfiles\Pair\target\classes started by paric in C:\Users\paric\Downloads\core-spring-labfiles\core-spring-labfiles\Pair)
2026-06-22T22:23:35.316+02:00  INFO 12224 --- [Pair] [  restartedMain] org.program.pair.PairApplication         : No active profile set, falling back to 1 default profile: "default"
2026-06-22T22:23:35.571+02:00  INFO 12224 --- [Pair] [  restartedMain] .s.d.r.c.RepositoryConfigurationDelegate : Bootstrapping Spring Data JPA repositories in DEFAULT mode.
2026-06-22T22:23:35.614+02:00  WARN 12224 --- [Pair] [  restartedMain] ConfigServletWebServerApplicationContext : Exception encountered during context initialization - cancelling refresh attempt: java.lang.TypeNotPresentException: Type org.program.pair.domain.user.User not present
2026-06-22T22:23:35.619+02:00  INFO 12224 --- [Pair] [  restartedMain] .s.b.a.l.ConditionEvaluationReportLogger : 

Error starting ApplicationContext. To display the condition evaluation report re-run your application with 'debug' enabled.
2026-06-22T22:23:35.640+02:00 ERROR 12224 --- [Pair] [  restartedMain] o.s.boot.SpringApplication               : Application run failed

java.lang.TypeNotPresentException: Type org.program.pair.domain.user.User not present
	at java.base/sun.reflect.generics.factory.CoreReflectionFactory.makeNamedType(CoreReflectionFactory.java:117) ~[na:na]
	at java.base/sun.reflect.generics.visitor.Reifier.visitClassTypeSignature(Reifier.java:125) ~[na:na]
	at java.base/sun.reflect.generics.tree.ClassTypeSignature.accept(ClassTypeSignature.java:49) ~[na:na]
	at java.base/sun.reflect.generics.visitor.Reifier.reifyTypeArguments(Reifier.java:68) ~[na:na]
	at java.base/sun.reflect.generics.visitor.Reifier.visitClassTypeSignature(Reifier.java:138) ~[na:na]
	at java.base/sun.reflect.generics.tree.ClassTypeSignature.accept(ClassTypeSignature.java:49) ~[na:na]
	at java.base/sun.reflect.generics.repository.ClassRepository.computeSuperInterfaces(ClassRepository.java:117) ~[na:na]
	at java.base/sun.reflect.generics.repository.ClassRepository.getSuperInterfaces(ClassRepository.java:95) ~[na:na]
	at java.base/java.lang.Class.getGenericInterfaces(Class.java:1296) ~[na:na]
	at org.springframework.core.ResolvableType.getInterfaces(ResolvableType.java:544) ~[spring-core-7.0.8.jar:7.0.8]
	at org.springframework.core.ResolvableType.as(ResolvableType.java:492) ~[spring-core-7.0.8.jar:7.0.8]
	at org.springframework.data.core.TypeDiscoverer.getSuperTypeInformation(TypeDiscoverer.java:266) ~[spring-data-commons-4.1.0.jar:4.1.0]
	at org.springframework.data.core.TypeInformation.getRequiredSuperTypeInformation(TypeInformation.java:328) ~[spring-data-commons-4.1.0.jar:4.1.0]
	at org.springframework.data.repository.core.support.DefaultRepositoryMetadata.<init>(DefaultRepositoryMetadata.java:55) ~[spring-data-commons-4.1.0.jar:4.1.0]
	at org.springframework.data.repository.core.support.AbstractRepositoryMetadata.getMetadata(AbstractRepositoryMetadata.java:79) ~[spring-data-commons-4.1.0.jar:4.1.0]
	at org.springframework.data.repository.config.RepositoryConfigurationExtensionSupport.getRepositoryConfigurations(RepositoryConfigurationExtensionSupport.java:93) ~[spring-data-commons-4.1.0.jar:4.1.0]
	at org.springframework.data.repository.config.RepositoryConfigurationDelegate.registerRepositoriesIn(RepositoryConfigurationDelegate.java:170) ~[spring-data-commons-4.1.0.jar:4.1.0]
	at org.springframework.data.repository.config.RepositoryBeanDefinitionRegistrarSupport.registerBeanDefinitions(RepositoryBeanDefinitionRegistrarSupport.java:96) ~[spring-data-commons-4.1.0.jar:4.1.0]
	at org.springframework.context.annotation.ConfigurationClassBeanDefinitionReader.lambda$loadBeanDefinitionsFromImportBeanDefinitionRegistrars$0(ConfigurationClassBeanDefinitionReader.java:422) ~[spring-context-7.0.8.jar:7.0.8]
	at java.base/java.util.LinkedHashMap.forEach(LinkedHashMap.java:986) ~[na:na]
	at org.springframework.context.annotation.ConfigurationClassBeanDefinitionReader.loadBeanDefinitionsFromImportBeanDefinitionRegistrars(ConfigurationClassBeanDefinitionReader.java:421) ~[spring-context-7.0.8.jar:7.0.8]
	at org.springframework.context.annotation.ConfigurationClassBeanDefinitionReader.loadBeanDefinitionsForConfigurationClass(ConfigurationClassBeanDefinitionReader.java:152) ~[spring-context-7.0.8.jar:7.0.8]
	at org.springframework.context.annotation.ConfigurationClassBeanDefinitionReader.loadBeanDefinitions(ConfigurationClassBeanDefinitionReader.java:124) ~[spring-context-7.0.8.jar:7.0.8]
	at org.springframework.context.annotation.ConfigurationClassPostProcessor.processConfigBeanDefinitions(ConfigurationClassPostProcessor.java:464) ~[spring-context-7.0.8.jar:7.0.8]
	at org.springframework.context.annotation.ConfigurationClassPostProcessor.postProcessBeanDefinitionRegistry(ConfigurationClassPostProcessor.java:316) ~[spring-context-7.0.8.jar:7.0.8]
	at org.springframework.context.support.PostProcessorRegistrationDelegate.invokeBeanDefinitionRegistryPostProcessors(PostProcessorRegistrationDelegate.java:349) ~[spring-context-7.0.8.jar:7.0.8]
	at org.springframework.context.support.PostProcessorRegistrationDelegate.invokeBeanFactoryPostProcessors(PostProcessorRegistrationDelegate.java:118) ~[spring-context-7.0.8.jar:7.0.8]
	at org.springframework.context.support.AbstractApplicationContext.invokeBeanFactoryPostProcessors(AbstractApplicationContext.java:795) ~[spring-context-7.0.8.jar:7.0.8]
	at org.springframework.context.support.AbstractApplicationContext.refresh(AbstractApplicationContext.java:603) ~[spring-context-7.0.8.jar:7.0.8]
	at org.springframework.boot.web.server.servlet.context.ServletWebServerApplicationContext.refresh(ServletWebServerApplicationContext.java:143) ~[spring-boot-web-server-4.1.0.jar:4.1.0]
	at org.springframework.boot.SpringApplication.refresh(SpringApplication.java:756) ~[spring-boot-4.1.0.jar:4.1.0]
	at org.springframework.boot.SpringApplication.refreshContext(SpringApplication.java:445) ~[spring-boot-4.1.0.jar:4.1.0]
	at org.springframework.boot.SpringApplication.run(SpringApplication.java:321) ~[spring-boot-4.1.0.jar:4.1.0]
	at org.springframework.boot.SpringApplication.run(SpringApplication.java:1365) ~[spring-boot-4.1.0.jar:4.1.0]
	at org.springframework.boot.SpringApplication.run(SpringApplication.java:1354) ~[spring-boot-4.1.0.jar:4.1.0]
	at org.program.pair.PairApplication.main(PairApplication.java:10) ~[classes/:na]
	at java.base/jdk.internal.reflect.DirectMethodHandleAccessor.invoke(DirectMethodHandleAccessor.java:103) ~[na:na]
	at java.base/java.lang.reflect.Method.invoke(Method.java:580) ~[na:na]
	at org.springframework.boot.devtools.restart.RestartLauncher.run(RestartLauncher.java:52) ~[spring-boot-devtools-4.1.0.jar:4.1.0]
Caused by: java.lang.ClassNotFoundException: org.program.pair.domain.user.User
	at java.base/jdk.internal.loader.BuiltinClassLoader.loadClass(BuiltinClassLoader.java:641) ~[na:na]
	at java.base/jdk.internal.loader.ClassLoaders$AppClassLoader.loadClass(ClassLoaders.java:188) ~[na:na]
	at java.base/java.lang.ClassLoader.loadClass(ClassLoader.java:526) ~[na:na]
	at java.base/java.lang.Class.forName0(Native Method) ~[na:na]
	at java.base/java.lang.Class.forName(Class.java:534) ~[na:na]
	at java.base/java.lang.Class.forName(Class.java:513) ~[na:na]
	at org.springframework.boot.devtools.restart.classloader.RestartClassLoader.loadClass(RestartClassLoader.java:123) ~[spring-boot-devtools-4.1.0.jar:4.1.0]
	at java.base/java.lang.ClassLoader.loadClass(ClassLoader.java:526) ~[na:na]
	at java.base/java.lang.Class.forName0(Native Method) ~[na:na]
	at java.base/java.lang.Class.forName(Class.java:534) ~[na:na]
	at java.base/java.lang.Class.forName(Class.java:513) ~[na:na]
	at java.base/sun.reflect.generics.factory.CoreReflectionFactory.makeNamedType(CoreReflectionFactory.java:114) ~[na:na]
	... 38 common frames omitted


  .   ____          _            __ _ _
 /\\ / ___'_ __ _ _(_)_ __  __ _ \ \ \ \
( ( )\___ | '_ | '_| | '_ \/ _` | \ \ \ \
 \\/  ___)| |_)| | | | | || (_| |  ) ) ) )
  '  |____| .__|_| |_|_| |_\__, | / / / /
 =========|_|==============|___/=/_/_/_/

 :: Spring Boot ::                (v4.1.0)

2026-06-22T22:23:43.692+02:00  INFO 12224 --- [Pair] [  restartedMain] org.program.pair.PairApplication         : Starting PairApplication using Java 21.0.1 with PID 12224 (C:\Users\paric\Downloads\core-spring-labfiles\core-spring-labfiles\Pair\target\classes started by paric in C:\Users\paric\Downloads\core-spring-labfiles\core-spring-labfiles\Pair)
2026-06-22T22:23:43.693+02:00  INFO 12224 --- [Pair] [  restartedMain] org.program.pair.PairApplication         : No active profile set, falling back to 1 default profile: "default"
2026-06-22T22:23:44.125+02:00  INFO 12224 --- [Pair] [  restartedMain] .s.d.r.c.RepositoryConfigurationDelegate : Bootstrapping Spring Data JPA repositories in DEFAULT mode.
2026-06-22T22:23:44.241+02:00  INFO 12224 --- [Pair] [  restartedMain] .s.d.r.c.RepositoryConfigurationDelegate : Finished Spring Data repository scanning in 112 ms. Found 19 JPA repository interfaces.
2026-06-22T22:23:44.641+02:00  INFO 12224 --- [Pair] [  restartedMain] o.s.boot.tomcat.TomcatWebServer          : Tomcat initialized with port 8090 (http)
2026-06-22T22:23:44.648+02:00  INFO 12224 --- [Pair] [  restartedMain] o.apache.catalina.core.StandardService   : Starting service [Tomcat]
2026-06-22T22:23:44.648+02:00  INFO 12224 --- [Pair] [  restartedMain] o.apache.catalina.core.StandardEngine    : Starting Servlet engine: [Apache Tomcat/11.0.22]
2026-06-22T22:23:44.706+02:00  INFO 12224 --- [Pair] [  restartedMain] b.w.c.s.WebApplicationContextInitializer : Root WebApplicationContext: initialization completed in 1008 ms
2026-06-22T22:23:44.850+02:00  INFO 12224 --- [Pair] [  restartedMain] org.hibernate.orm.jpa                    : HHH008540: Processing PersistenceUnitInfo [name: default]
2026-06-22T22:23:44.857+02:00  INFO 12224 --- [Pair] [  restartedMain] o.h.spatial.integration.SpatialService   : HHH80000001: Hibernate Spatial integration enabled: true
2026-06-22T22:23:44.921+02:00  INFO 12224 --- [Pair] [  restartedMain] com.zaxxer.hikari.HikariDataSource       : HikariPool-2 - Starting...
2026-06-22T22:23:45.095+02:00  INFO 12224 --- [Pair] [  restartedMain] com.zaxxer.hikari.pool.HikariPool        : HikariPool-2 - Added connection org.postgresql.jdbc.PgConnection@3e104a42
2026-06-22T22:23:45.095+02:00  INFO 12224 --- [Pair] [  restartedMain] com.zaxxer.hikari.HikariDataSource       : HikariPool-2 - Start completed.
2026-06-22T22:23:45.111+02:00  WARN 12224 --- [Pair] [  restartedMain] org.hibernate.orm.deprecation            : HHH90000025: PostgreSQLDialect does not need to be specified explicitly using 'hibernate.dialect' (remove the property setting and it will be selected by default)
2026-06-22T22:23:45.128+02:00  INFO 12224 --- [Pair] [  restartedMain] org.hibernate.orm.connections.pooling    : HHH10001005: Database info:
	Database JDBC URL [jdbc:postgresql://localhost:5432/pair_db]
	Database driver: PostgreSQL JDBC Driver
	Database dialect: PostgreSQLDialect
	Database version: 18.4
	Default catalog/schema: pair_db/public
	Autocommit mode: undefined/unknown
	Isolation level: READ_COMMITTED [default READ_COMMITTED]
	JDBC fetch size: none
	Pool: DataSourceConnectionProvider
	Minimum pool size: undefined/unknown
	Maximum pool size: undefined/unknown
2026-06-22T22:23:45.144+02:00  INFO 12224 --- [Pair] [  restartedMain] o.s.o.j.p.SpringPersistenceUnitInfo      : No LoadTimeWeaver setup: ignoring JPA class transformer
2026-06-22T22:23:45.148+02:00  INFO 12224 --- [Pair] [  restartedMain] org.hibernate.orm.incubating             : HHH90006001: Setting 'hibernate.type.preferred_instant_jdbc_type' is still incubating (see Javadoc of corresponding member of 'org.hibernate.cfg.AvailableSettings')
2026-06-22T22:23:45.510+02:00  INFO 12224 --- [Pair] [  restartedMain] org.hibernate.orm.incubating             : HHH90006001: Setting 'hibernate.type.preferred_instant_jdbc_type' is still incubating (see Javadoc of corresponding member of 'org.hibernate.cfg.AvailableSettings')
2026-06-22T22:23:45.512+02:00  INFO 12224 --- [Pair] [  restartedMain] org.hibernate.orm.incubating             : HHH90006001: Setting 'hibernate.type.preferred_instant_jdbc_type' is still incubating (see Javadoc of corresponding member of 'org.hibernate.cfg.AvailableSettings')
2026-06-22T22:23:45.513+02:00  INFO 12224 --- [Pair] [  restartedMain] org.hibernate.orm.incubating             : HHH90006001: Setting 'hibernate.type.preferred_instant_jdbc_type' is still incubating (see Javadoc of corresponding member of 'org.hibernate.cfg.AvailableSettings')
2026-06-22T22:23:45.514+02:00  INFO 12224 --- [Pair] [  restartedMain] org.hibernate.orm.incubating             : HHH90006001: Setting 'hibernate.type.preferred_instant_jdbc_type' is still incubating (see Javadoc of corresponding member of 'org.hibernate.cfg.AvailableSettings')
2026-06-22T22:23:45.515+02:00  INFO 12224 --- [Pair] [  restartedMain] org.hibernate.orm.incubating             : HHH90006001: Setting 'hibernate.type.preferred_instant_jdbc_type' is still incubating (see Javadoc of corresponding member of 'org.hibernate.cfg.AvailableSettings')
2026-06-22T22:23:45.515+02:00  INFO 12224 --- [Pair] [  restartedMain] org.hibernate.orm.incubating             : HHH90006001: Setting 'hibernate.type.preferred_instant_jdbc_type' is still incubating (see Javadoc of corresponding member of 'org.hibernate.cfg.AvailableSettings')
2026-06-22T22:23:45.516+02:00  INFO 12224 --- [Pair] [  restartedMain] org.hibernate.orm.incubating             : HHH90006001: Setting 'hibernate.type.preferred_instant_jdbc_type' is still incubating (see Javadoc of corresponding member of 'org.hibernate.cfg.AvailableSettings')
2026-06-22T22:23:45.516+02:00  INFO 12224 --- [Pair] [  restartedMain] org.hibernate.orm.incubating             : HHH90006001: Setting 'hibernate.type.preferred_instant_jdbc_type' is still incubating (see Javadoc of corresponding member of 'org.hibernate.cfg.AvailableSettings')
2026-06-22T22:23:45.517+02:00  INFO 12224 --- [Pair] [  restartedMain] org.hibernate.orm.incubating             : HHH90006001: Setting 'hibernate.type.preferred_instant_jdbc_type' is still incubating (see Javadoc of corresponding member of 'org.hibernate.cfg.AvailableSettings')
2026-06-22T22:23:45.517+02:00  INFO 12224 --- [Pair] [  restartedMain] org.hibernate.orm.incubating             : HHH90006001: Setting 'hibernate.type.preferred_instant_jdbc_type' is still incubating (see Javadoc of corresponding member of 'org.hibernate.cfg.AvailableSettings')
2026-06-22T22:23:45.519+02:00  INFO 12224 --- [Pair] [  restartedMain] org.hibernate.orm.incubating             : HHH90006001: Setting 'hibernate.type.preferred_instant_jdbc_type' is still incubating (see Javadoc of corresponding member of 'org.hibernate.cfg.AvailableSettings')
2026-06-22T22:23:45.519+02:00  INFO 12224 --- [Pair] [  restartedMain] org.hibernate.orm.incubating             : HHH90006001: Setting 'hibernate.type.preferred_instant_jdbc_type' is still incubating (see Javadoc of corresponding member of 'org.hibernate.cfg.AvailableSettings')
2026-06-22T22:23:45.520+02:00  INFO 12224 --- [Pair] [  restartedMain] org.hibernate.orm.incubating             : HHH90006001: Setting 'hibernate.type.preferred_instant_jdbc_type' is still incubating (see Javadoc of corresponding member of 'org.hibernate.cfg.AvailableSettings')
2026-06-22T22:23:45.521+02:00  INFO 12224 --- [Pair] [  restartedMain] org.hibernate.orm.incubating             : HHH90006001: Setting 'hibernate.type.preferred_instant_jdbc_type' is still incubating (see Javadoc of corresponding member of 'org.hibernate.cfg.AvailableSettings')
2026-06-22T22:23:45.522+02:00  INFO 12224 --- [Pair] [  restartedMain] org.hibernate.orm.incubating             : HHH90006001: Setting 'hibernate.type.preferred_instant_jdbc_type' is still incubating (see Javadoc of corresponding member of 'org.hibernate.cfg.AvailableSettings')
2026-06-22T22:23:45.522+02:00  INFO 12224 --- [Pair] [  restartedMain] org.hibernate.orm.incubating             : HHH90006001: Setting 'hibernate.type.preferred_instant_jdbc_type' is still incubating (see Javadoc of corresponding member of 'org.hibernate.cfg.AvailableSettings')
2026-06-22T22:23:45.523+02:00  INFO 12224 --- [Pair] [  restartedMain] org.hibernate.orm.incubating             : HHH90006001: Setting 'hibernate.type.preferred_instant_jdbc_type' is still incubating (see Javadoc of corresponding member of 'org.hibernate.cfg.AvailableSettings')
2026-06-22T22:23:45.524+02:00  INFO 12224 --- [Pair] [  restartedMain] org.hibernate.orm.incubating             : HHH90006001: Setting 'hibernate.type.preferred_instant_jdbc_type' is still incubating (see Javadoc of corresponding member of 'org.hibernate.cfg.AvailableSettings')
2026-06-22T22:23:45.524+02:00  INFO 12224 --- [Pair] [  restartedMain] org.hibernate.orm.incubating             : HHH90006001: Setting 'hibernate.type.preferred_instant_jdbc_type' is still incubating (see Javadoc of corresponding member of 'org.hibernate.cfg.AvailableSettings')
2026-06-22T22:23:45.525+02:00  INFO 12224 --- [Pair] [  restartedMain] org.hibernate.orm.incubating             : HHH90006001: Setting 'hibernate.type.preferred_instant_jdbc_type' is still incubating (see Javadoc of corresponding member of 'org.hibernate.cfg.AvailableSettings')
2026-06-22T22:23:45.525+02:00  INFO 12224 --- [Pair] [  restartedMain] org.hibernate.orm.incubating             : HHH90006001: Setting 'hibernate.type.preferred_instant_jdbc_type' is still incubating (see Javadoc of corresponding member of 'org.hibernate.cfg.AvailableSettings')
2026-06-22T22:23:45.527+02:00  INFO 12224 --- [Pair] [  restartedMain] org.hibernate.orm.incubating             : HHH90006001: Setting 'hibernate.type.preferred_instant_jdbc_type' is still incubating (see Javadoc of corresponding member of 'org.hibernate.cfg.AvailableSettings')
2026-06-22T22:23:45.528+02:00  INFO 12224 --- [Pair] [  restartedMain] org.hibernate.orm.incubating             : HHH90006001: Setting 'hibernate.type.preferred_instant_jdbc_type' is still incubating (see Javadoc of corresponding member of 'org.hibernate.cfg.AvailableSettings')
2026-06-22T22:23:45.528+02:00  INFO 12224 --- [Pair] [  restartedMain] org.hibernate.orm.incubating             : HHH90006001: Setting 'hibernate.type.preferred_instant_jdbc_type' is still incubating (see Javadoc of corresponding member of 'org.hibernate.cfg.AvailableSettings')
2026-06-22T22:23:45.530+02:00  INFO 12224 --- [Pair] [  restartedMain] org.hibernate.orm.incubating             : HHH90006001: Setting 'hibernate.type.preferred_instant_jdbc_type' is still incubating (see Javadoc of corresponding member of 'org.hibernate.cfg.AvailableSettings')
2026-06-22T22:23:45.530+02:00  INFO 12224 --- [Pair] [  restartedMain] org.hibernate.orm.incubating             : HHH90006001: Setting 'hibernate.type.preferred_instant_jdbc_type' is still incubating (see Javadoc of corresponding member of 'org.hibernate.cfg.AvailableSettings')
2026-06-22T22:23:45.532+02:00  INFO 12224 --- [Pair] [  restartedMain] org.hibernate.orm.incubating             : HHH90006001: Setting 'hibernate.type.preferred_instant_jdbc_type' is still incubating (see Javadoc of corresponding member of 'org.hibernate.cfg.AvailableSettings')
2026-06-22T22:23:45.540+02:00  INFO 12224 --- [Pair] [  restartedMain] org.hibernate.orm.incubating             : HHH90006001: Setting 'hibernate.type.preferred_instant_jdbc_type' is still incubating (see Javadoc of corresponding member of 'org.hibernate.cfg.AvailableSettings')
2026-06-22T22:23:46.198+02:00  INFO 12224 --- [Pair] [  restartedMain] org.hibernate.orm.core                   : HHH000489: No JTA platform available (set 'hibernate.transaction.jta.platform' to enable JTA platform integration)
2026-06-22T22:23:46.203+02:00  INFO 12224 --- [Pair] [  restartedMain] j.LocalContainerEntityManagerFactoryBean : Initialized JPA EntityManagerFactory for persistence unit 'default'
2026-06-22T22:23:47.080+02:00  WARN 12224 --- [Pair] [  restartedMain] ConfigServletWebServerApplicationContext : Exception encountered during context initialization - cancelling refresh attempt: org.springframework.beans.factory.UnsatisfiedDependencyException: Error creating bean with name 'authController' defined in file [C:\Users\paric\Downloads\core-spring-labfiles\core-spring-labfiles\Pair\target\classes\org\program\pair\domain\auth\AuthController.class]: Unsatisfied dependency expressed through constructor parameter 0: No qualifying bean of type 'org.program.pair.domain.auth.AuthService' available: expected at least 1 bean which qualifies as autowire candidate. Dependency annotations: {}
2026-06-22T22:23:47.081+02:00  INFO 12224 --- [Pair] [  restartedMain] j.LocalContainerEntityManagerFactoryBean : Closing JPA EntityManagerFactory for persistence unit 'default'
2026-06-22T22:23:47.082+02:00  INFO 12224 --- [Pair] [  restartedMain] com.zaxxer.hikari.HikariDataSource       : HikariPool-2 - Shutdown initiated...
2026-06-22T22:23:47.086+02:00  INFO 12224 --- [Pair] [  restartedMain] com.zaxxer.hikari.HikariDataSource       : HikariPool-2 - Shutdown completed.
2026-06-22T22:23:47.087+02:00  INFO 12224 --- [Pair] [  restartedMain] o.apache.catalina.core.StandardService   : Stopping service [Tomcat]
2026-06-22T22:23:47.103+02:00  INFO 12224 --- [Pair] [  restartedMain] .s.b.a.l.ConditionEvaluationReportLogger : 

Error starting ApplicationContext. To display the condition evaluation report re-run your application with 'debug' enabled.
2026-06-22T22:23:47.130+02:00 ERROR 12224 --- [Pair] [  restartedMain] o.s.b.d.LoggingFailureAnalysisReporter   : 

***************************
APPLICATION FAILED TO START
***************************

Description:

Parameter 0 of constructor in org.program.pair.domain.auth.AuthController required a bean of type 'org.program.pair.domain.auth.AuthService' that could not be found.


Action:

Consider defining a bean of type 'org.program.pair.domain.auth.AuthService' in your configuration.


  .   ____          _            __ _ _
 /\\ / ___'_ __ _ _(_)_ __  __ _ \ \ \ \
( ( )\___ | '_ | '_| | '_ \/ _` | \ \ \ \
 \\/  ___)| |_)| | | | | || (_| |  ) ) ) )
  '  |____| .__|_| |_|_| |_\__, | / / / /
 =========|_|==============|___/=/_/_/_/

 :: Spring Boot ::                (v4.1.0)

2026-06-22T22:25:26.572+02:00  INFO 12224 --- [Pair] [  restartedMain] org.program.pair.PairApplication         : Starting PairApplication using Java 21.0.1 with PID 12224 (C:\Users\paric\Downloads\core-spring-labfiles\core-spring-labfiles\Pair\target\classes started by paric in C:\Users\paric\Downloads\core-spring-labfiles\core-spring-labfiles\Pair)
2026-06-22T22:25:26.573+02:00  INFO 12224 --- [Pair] [  restartedMain] org.program.pair.PairApplication         : No active profile set, falling back to 1 default profile: "default"
2026-06-22T22:25:27.133+02:00  INFO 12224 --- [Pair] [  restartedMain] .s.d.r.c.RepositoryConfigurationDelegate : Bootstrapping Spring Data JPA repositories in DEFAULT mode.
2026-06-22T22:25:27.162+02:00  INFO 12224 --- [Pair] [  restartedMain] .s.d.r.c.RepositoryConfigurationDelegate : Finished Spring Data repository scanning in 20 ms. Found 0 JPA repository interfaces.
2026-06-22T22:25:27.491+02:00  INFO 12224 --- [Pair] [  restartedMain] o.s.boot.tomcat.TomcatWebServer          : Tomcat initialized with port 8090 (http)
2026-06-22T22:25:27.495+02:00  INFO 12224 --- [Pair] [  restartedMain] o.apache.catalina.core.StandardService   : Starting service [Tomcat]
2026-06-22T22:25:27.496+02:00  INFO 12224 --- [Pair] [  restartedMain] o.apache.catalina.core.StandardEngine    : Starting Servlet engine: [Apache Tomcat/11.0.22]
2026-06-22T22:25:27.557+02:00  INFO 12224 --- [Pair] [  restartedMain] b.w.c.s.WebApplicationContextInitializer : Root WebApplicationContext: initialization completed in 982 ms
2026-06-22T22:25:27.768+02:00  INFO 12224 --- [Pair] [  restartedMain] org.hibernate.orm.jpa                    : HHH008540: Processing PersistenceUnitInfo [name: default]
2026-06-22T22:25:27.787+02:00  INFO 12224 --- [Pair] [  restartedMain] o.h.spatial.integration.SpatialService   : HHH80000001: Hibernate Spatial integration enabled: true
2026-06-22T22:25:27.926+02:00  INFO 12224 --- [Pair] [  restartedMain] com.zaxxer.hikari.HikariDataSource       : HikariPool-3 - Starting...
2026-06-22T22:25:28.142+02:00  INFO 12224 --- [Pair] [  restartedMain] com.zaxxer.hikari.pool.HikariPool        : HikariPool-3 - Added connection org.postgresql.jdbc.PgConnection@4f5dedae
2026-06-22T22:25:28.143+02:00  INFO 12224 --- [Pair] [  restartedMain] com.zaxxer.hikari.HikariDataSource       : HikariPool-3 - Start completed.
2026-06-22T22:25:28.170+02:00  WARN 12224 --- [Pair] [  restartedMain] org.hibernate.orm.deprecation            : HHH90000025: PostgreSQLDialect does not need to be specified explicitly using 'hibernate.dialect' (remove the property setting and it will be selected by default)
2026-06-22T22:25:28.202+02:00  INFO 12224 --- [Pair] [  restartedMain] org.hibernate.orm.connections.pooling    : HHH10001005: Database info:
	Database JDBC URL [jdbc:postgresql://localhost:5432/pair_db]
	Database driver: PostgreSQL JDBC Driver
	Database dialect: PostgreSQLDialect
	Database version: 18.4
	Default catalog/schema: pair_db/public
	Autocommit mode: undefined/unknown
	Isolation level: READ_COMMITTED [default READ_COMMITTED]
	JDBC fetch size: none
	Pool: DataSourceConnectionProvider
	Minimum pool size: undefined/unknown
	Maximum pool size: undefined/unknown
2026-06-22T22:25:28.224+02:00  INFO 12224 --- [Pair] [  restartedMain] o.s.o.j.p.SpringPersistenceUnitInfo      : No LoadTimeWeaver setup: ignoring JPA class transformer
2026-06-22T22:25:28.228+02:00  INFO 12224 --- [Pair] [  restartedMain] org.hibernate.orm.incubating             : HHH90006001: Setting 'hibernate.type.preferred_instant_jdbc_type' is still incubating (see Javadoc of corresponding member of 'org.hibernate.cfg.AvailableSettings')
2026-06-22T22:25:28.240+02:00  INFO 12224 --- [Pair] [  restartedMain] org.hibernate.orm.incubating             : HHH90006001: Setting 'hibernate.type.preferred_instant_jdbc_type' is still incubating (see Javadoc of corresponding member of 'org.hibernate.cfg.AvailableSettings')
2026-06-22T22:25:28.411+02:00  INFO 12224 --- [Pair] [  restartedMain] org.hibernate.orm.core                   : HHH000489: No JTA platform available (set 'hibernate.transaction.jta.platform' to enable JTA platform integration)
2026-06-22T22:25:28.415+02:00  INFO 12224 --- [Pair] [  restartedMain] j.LocalContainerEntityManagerFactoryBean : Initialized JPA EntityManagerFactory for persistence unit 'default'
2026-06-22T22:25:28.586+02:00  WARN 12224 --- [Pair] [  restartedMain] JpaBaseConfiguration$JpaWebConfiguration : spring.jpa.open-in-view is enabled by default. Therefore, database queries may be performed during view rendering. Explicitly configure spring.jpa.open-in-view to disable this warning
2026-06-22T22:25:29.085+02:00  WARN 12224 --- [Pair] [  restartedMain] .s.a.UserDetailsServiceAutoConfiguration : 

Using generated security password: 6ea56034-7b08-4528-baeb-195ab54d4c37

This generated password is for development use only. Your security configuration must be updated before running your application in production.

2026-06-22T22:25:29.152+02:00  INFO 12224 --- [Pair] [  restartedMain] r$InitializeUserDetailsManagerConfigurer : Global AuthenticationManager configured with UserDetailsService bean with name inMemoryUserDetailsManager
2026-06-22T22:25:29.515+02:00  INFO 12224 --- [Pair] [  restartedMain] o.s.boot.tomcat.TomcatWebServer          : Tomcat started on port 8090 (http) with context path '/'
2026-06-22T22:25:29.540+02:00  INFO 12224 --- [Pair] [  restartedMain] org.program.pair.PairApplication         : Started PairApplication in 3.028 seconds (process running for 701.58)
2026-06-22T22:25:29.549+02:00  INFO 12224 --- [Pair] [  restartedMain] .ConditionEvaluationDeltaLoggingListener : Condition evaluation delta:


==========================
CONDITION EVALUATION DELTA
==========================


Positive matches:
-----------------

   DataJpaRepositoriesAutoConfiguration matched:
      - @ConditionalOnClass found required class 'org.springframework.data.jpa.repository.JpaRepository' (OnClassCondition)
      - @ConditionalOnBooleanProperty (spring.data.jpa.repositories.enabled=true) matched (OnPropertyCondition)
      - @ConditionalOnBean (types: javax.sql.DataSource; SearchStrategy: all) found bean 'dataSource'; @ConditionalOnMissingBean (types: org.springframework.data.jpa.repository.support.JpaRepositoryFactoryBean,org.springframework.data.jpa.repository.config.JpaRepositoryConfigExtension; SearchStrategy: all) did not find any beans (OnBeanCondition)

   ServletWebSecurityAutoConfiguration.EnableWebSecurityConfiguration matched:
      - @ConditionalOnClass found required class 'org.springframework.security.config.annotation.web.configuration.EnableWebSecurity' (OnClassCondition)
      - @ConditionalOnMissingBean (names: springSecurityFilterChain; SearchStrategy: all) did not find any beans (OnBeanCondition)

   ServletWebSecurityAutoConfiguration.SecurityFilterChainConfiguration matched:
      - AllNestedConditions 2 matched 0 did not; NestedCondition on DefaultWebSecurityCondition.Beans @ConditionalOnMissingBean (types: org.springframework.security.web.SecurityFilterChain; SearchStrategy: all) did not find any beans; NestedCondition on DefaultWebSecurityCondition.Classes @ConditionalOnClass found required classes 'org.springframework.security.web.SecurityFilterChain', 'org.springframework.security.config.annotation.web.builders.HttpSecurity' (DefaultWebSecurityCondition)

   TransactionAutoConfiguration.EnableTransactionManagementConfiguration matched:
      - @ConditionalOnBean (types: org.springframework.transaction.TransactionManager; SearchStrategy: all) found bean 'transactionManager'; @ConditionalOnMissingBean (types: org.springframework.transaction.annotation.AbstractTransactionManagementConfiguration; SearchStrategy: all) did not find any beans (OnBeanCondition)

   TransactionAutoConfiguration.EnableTransactionManagementConfiguration.CglibAutoProxyConfiguration matched:
      - @ConditionalOnBooleanProperty (spring.aop.proxy-target-class=true) matched (OnPropertyCondition)

   UserDetailsServiceAutoConfiguration matched:
      - @ConditionalOnClass found required class 'org.springframework.security.authentication.AuthenticationManager' (OnClassCondition)
      - found 'session' scope (OnWebApplicationCondition)
      - AnyNestedCondition 1 matched 2 did not; NestedCondition on MissingAlternativeUserDetailsManagerOrUserPropertiesConfigured.PasswordConfigured @ConditionalOnProperty (spring.security.user.password) did not find property 'spring.security.user.password'; NestedCondition on MissingAlternativeUserDetailsManagerOrUserPropertiesConfigured.NameConfigured @ConditionalOnProperty (spring.security.user.name) did not find property 'spring.security.user.name'; NestedCondition on MissingAlternativeUserDetailsManagerOrUserPropertiesConfigured.MissingAlternative @ConditionalOnMissingClass did not find unwanted classes 'org.springframework.security.oauth2.client.registration.ClientRegistrationRepository', 'org.springframework.security.oauth2.server.resource.introspection.OpaqueTokenIntrospector', 'org.springframework.security.saml2.provider.service.registration.RelyingPartyRegistrationRepository' (MissingAlternativeUserDetailsManagerOrUserPropertiesConfigured)
      - @ConditionalOnMissingBean (types: org.springframework.security.authentication.AuthenticationManager,org.springframework.security.authentication.AuthenticationProvider,org.springframework.security.core.userdetails.UserDetailsService,org.springframework.security.authentication.AuthenticationManagerResolver,org.springframework.security.oauth2.jwt.JwtDecoder; SearchStrategy: all) did not find any beans (OnBeanCondition)


Negative matches:
-----------------

   DataJpaRepositoriesAutoConfiguration#entityManagerFactoryBootstrapExecutorCustomizer:
      Did not match:
         - @ConditionalOnProperty (spring.data.jpa.repositories.bootstrap-mode=deferred) did not find property 'spring.data.jpa.repositories.bootstrap-mode' (OnPropertyCondition)


Exclusions:
-----------

    None


Unconditional classes:
----------------------

    None



2026-06-22T22:25:37.881+02:00  INFO 12224 --- [Pair] [   File Watcher] rtingClassPathChangeChangedEventListener : Restarting due to 120 class path changes (120 additions, 0 deletions, 0 modifications)
2026-06-22T22:25:37.883+02:00  INFO 12224 --- [Pair] [       Thread-5] o.s.boot.tomcat.GracefulShutdown         : Commencing graceful shutdown. Waiting for active requests to complete
2026-06-22T22:25:37.899+02:00  INFO 12224 --- [Pair] [tomcat-shutdown] o.s.boot.tomcat.GracefulShutdown         : Graceful shutdown complete
2026-06-22T22:25:37.905+02:00  INFO 12224 --- [Pair] [       Thread-5] j.LocalContainerEntityManagerFactoryBean : Closing JPA EntityManagerFactory for persistence unit 'default'
2026-06-22T22:25:37.906+02:00  INFO 12224 --- [Pair] [       Thread-5] com.zaxxer.hikari.HikariDataSource       : HikariPool-3 - Shutdown initiated...
2026-06-22T22:25:37.909+02:00  INFO 12224 --- [Pair] [       Thread-5] com.zaxxer.hikari.HikariDataSource       : HikariPool-3 - Shutdown completed.

  .   ____          _            __ _ _
 /\\ / ___'_ __ _ _(_)_ __  __ _ \ \ \ \
( ( )\___ | '_ | '_| | '_ \/ _` | \ \ \ \
 \\/  ___)| |_)| | | | | || (_| |  ) ) ) )
  '  |____| .__|_| |_|_| |_\__, | / / / /
 =========|_|==============|___/=/_/_/_/

 :: Spring Boot ::                (v4.1.0)

2026-06-22T22:25:38.102+02:00  INFO 12224 --- [Pair] [  restartedMain] org.program.pair.PairApplication         : Starting PairApplication using Java 21.0.1 with PID 12224 (C:\Users\paric\Downloads\core-spring-labfiles\core-spring-labfiles\Pair\target\classes started by paric in C:\Users\paric\Downloads\core-spring-labfiles\core-spring-labfiles\Pair)
2026-06-22T22:25:38.103+02:00  INFO 12224 --- [Pair] [  restartedMain] org.program.pair.PairApplication         : No active profile set, falling back to 1 default profile: "default"
2026-06-22T22:25:38.786+02:00  INFO 12224 --- [Pair] [  restartedMain] .s.d.r.c.RepositoryConfigurationDelegate : Bootstrapping Spring Data JPA repositories in DEFAULT mode.
2026-06-22T22:25:38.923+02:00  INFO 12224 --- [Pair] [  restartedMain] .s.d.r.c.RepositoryConfigurationDelegate : Finished Spring Data repository scanning in 134 ms. Found 19 JPA repository interfaces.
2026-06-22T22:25:39.326+02:00  INFO 12224 --- [Pair] [  restartedMain] o.s.boot.tomcat.TomcatWebServer          : Tomcat initialized with port 8090 (http)
2026-06-22T22:25:39.327+02:00  INFO 12224 --- [Pair] [  restartedMain] o.apache.catalina.core.StandardService   : Starting service [Tomcat]
2026-06-22T22:25:39.327+02:00  INFO 12224 --- [Pair] [  restartedMain] o.apache.catalina.core.StandardEngine    : Starting Servlet engine: [Apache Tomcat/11.0.22]
2026-06-22T22:25:39.373+02:00  INFO 12224 --- [Pair] [  restartedMain] b.w.c.s.WebApplicationContextInitializer : Root WebApplicationContext: initialization completed in 1267 ms
2026-06-22T22:25:39.512+02:00  INFO 12224 --- [Pair] [  restartedMain] org.hibernate.orm.jpa                    : HHH008540: Processing PersistenceUnitInfo [name: default]
2026-06-22T22:25:39.521+02:00  INFO 12224 --- [Pair] [  restartedMain] o.h.spatial.integration.SpatialService   : HHH80000001: Hibernate Spatial integration enabled: true
2026-06-22T22:25:39.583+02:00  INFO 12224 --- [Pair] [  restartedMain] com.zaxxer.hikari.HikariDataSource       : HikariPool-4 - Starting...
2026-06-22T22:25:39.776+02:00  INFO 12224 --- [Pair] [  restartedMain] com.zaxxer.hikari.pool.HikariPool        : HikariPool-4 - Added connection org.postgresql.jdbc.PgConnection@55529b4
2026-06-22T22:25:39.776+02:00  INFO 12224 --- [Pair] [  restartedMain] com.zaxxer.hikari.HikariDataSource       : HikariPool-4 - Start completed.
2026-06-22T22:25:39.795+02:00  WARN 12224 --- [Pair] [  restartedMain] org.hibernate.orm.deprecation            : HHH90000025: PostgreSQLDialect does not need to be specified explicitly using 'hibernate.dialect' (remove the property setting and it will be selected by default)
2026-06-22T22:25:39.814+02:00  INFO 12224 --- [Pair] [  restartedMain] org.hibernate.orm.connections.pooling    : HHH10001005: Database info:
	Database JDBC URL [jdbc:postgresql://localhost:5432/pair_db]
	Database driver: PostgreSQL JDBC Driver
	Database dialect: PostgreSQLDialect
	Database version: 18.4
	Default catalog/schema: pair_db/public
	Autocommit mode: undefined/unknown
	Isolation level: READ_COMMITTED [default READ_COMMITTED]
	JDBC fetch size: none
	Pool: DataSourceConnectionProvider
	Minimum pool size: undefined/unknown
	Maximum pool size: undefined/unknown
2026-06-22T22:25:39.831+02:00  INFO 12224 --- [Pair] [  restartedMain] o.s.o.j.p.SpringPersistenceUnitInfo      : No LoadTimeWeaver setup: ignoring JPA class transformer
2026-06-22T22:25:39.834+02:00  INFO 12224 --- [Pair] [  restartedMain] org.hibernate.orm.incubating             : HHH90006001: Setting 'hibernate.type.preferred_instant_jdbc_type' is still incubating (see Javadoc of corresponding member of 'org.hibernate.cfg.AvailableSettings')
2026-06-22T22:25:40.150+02:00  INFO 12224 --- [Pair] [  restartedMain] org.hibernate.orm.incubating             : HHH90006001: Setting 'hibernate.type.preferred_instant_jdbc_type' is still incubating (see Javadoc of corresponding member of 'org.hibernate.cfg.AvailableSettings')
2026-06-22T22:25:40.151+02:00  INFO 12224 --- [Pair] [  restartedMain] org.hibernate.orm.incubating             : HHH90006001: Setting 'hibernate.type.preferred_instant_jdbc_type' is still incubating (see Javadoc of corresponding member of 'org.hibernate.cfg.AvailableSettings')
2026-06-22T22:25:40.154+02:00  INFO 12224 --- [Pair] [  restartedMain] org.hibernate.orm.incubating             : HHH90006001: Setting 'hibernate.type.preferred_instant_jdbc_type' is still incubating (see Javadoc of corresponding member of 'org.hibernate.cfg.AvailableSettings')
2026-06-22T22:25:40.155+02:00  INFO 12224 --- [Pair] [  restartedMain] org.hibernate.orm.incubating             : HHH90006001: Setting 'hibernate.type.preferred_instant_jdbc_type' is still incubating (see Javadoc of corresponding member of 'org.hibernate.cfg.AvailableSettings')
2026-06-22T22:25:40.156+02:00  INFO 12224 --- [Pair] [  restartedMain] org.hibernate.orm.incubating             : HHH90006001: Setting 'hibernate.type.preferred_instant_jdbc_type' is still incubating (see Javadoc of corresponding member of 'org.hibernate.cfg.AvailableSettings')
2026-06-22T22:25:40.156+02:00  INFO 12224 --- [Pair] [  restartedMain] org.hibernate.orm.incubating             : HHH90006001: Setting 'hibernate.type.preferred_instant_jdbc_type' is still incubating (see Javadoc of corresponding member of 'org.hibernate.cfg.AvailableSettings')
2026-06-22T22:25:40.157+02:00  INFO 12224 --- [Pair] [  restartedMain] org.hibernate.orm.incubating             : HHH90006001: Setting 'hibernate.type.preferred_instant_jdbc_type' is still incubating (see Javadoc of corresponding member of 'org.hibernate.cfg.AvailableSettings')
2026-06-22T22:25:40.157+02:00  INFO 12224 --- [Pair] [  restartedMain] org.hibernate.orm.incubating             : HHH90006001: Setting 'hibernate.type.preferred_instant_jdbc_type' is still incubating (see Javadoc of corresponding member of 'org.hibernate.cfg.AvailableSettings')
2026-06-22T22:25:40.158+02:00  INFO 12224 --- [Pair] [  restartedMain] org.hibernate.orm.incubating             : HHH90006001: Setting 'hibernate.type.preferred_instant_jdbc_type' is still incubating (see Javadoc of corresponding member of 'org.hibernate.cfg.AvailableSettings')
2026-06-22T22:25:40.159+02:00  INFO 12224 --- [Pair] [  restartedMain] org.hibernate.orm.incubating             : HHH90006001: Setting 'hibernate.type.preferred_instant_jdbc_type' is still incubating (see Javadoc of corresponding member of 'org.hibernate.cfg.AvailableSettings')
2026-06-22T22:25:40.160+02:00  INFO 12224 --- [Pair] [  restartedMain] org.hibernate.orm.incubating             : HHH90006001: Setting 'hibernate.type.preferred_instant_jdbc_type' is still incubating (see Javadoc of corresponding member of 'org.hibernate.cfg.AvailableSettings')
2026-06-22T22:25:40.162+02:00  INFO 12224 --- [Pair] [  restartedMain] org.hibernate.orm.incubating             : HHH90006001: Setting 'hibernate.type.preferred_instant_jdbc_type' is still incubating (see Javadoc of corresponding member of 'org.hibernate.cfg.AvailableSettings')
2026-06-22T22:25:40.163+02:00  INFO 12224 --- [Pair] [  restartedMain] org.hibernate.orm.incubating             : HHH90006001: Setting 'hibernate.type.preferred_instant_jdbc_type' is still incubating (see Javadoc of corresponding member of 'org.hibernate.cfg.AvailableSettings')
2026-06-22T22:25:40.163+02:00  INFO 12224 --- [Pair] [  restartedMain] org.hibernate.orm.incubating             : HHH90006001: Setting 'hibernate.type.preferred_instant_jdbc_type' is still incubating (see Javadoc of corresponding member of 'org.hibernate.cfg.AvailableSettings')
2026-06-22T22:25:40.164+02:00  INFO 12224 --- [Pair] [  restartedMain] org.hibernate.orm.incubating             : HHH90006001: Setting 'hibernate.type.preferred_instant_jdbc_type' is still incubating (see Javadoc of corresponding member of 'org.hibernate.cfg.AvailableSettings')
2026-06-22T22:25:40.164+02:00  INFO 12224 --- [Pair] [  restartedMain] org.hibernate.orm.incubating             : HHH90006001: Setting 'hibernate.type.preferred_instant_jdbc_type' is still incubating (see Javadoc of corresponding member of 'org.hibernate.cfg.AvailableSettings')
2026-06-22T22:25:40.166+02:00  INFO 12224 --- [Pair] [  restartedMain] org.hibernate.orm.incubating             : HHH90006001: Setting 'hibernate.type.preferred_instant_jdbc_type' is still incubating (see Javadoc of corresponding member of 'org.hibernate.cfg.AvailableSettings')
2026-06-22T22:25:40.166+02:00  INFO 12224 --- [Pair] [  restartedMain] org.hibernate.orm.incubating             : HHH90006001: Setting 'hibernate.type.preferred_instant_jdbc_type' is still incubating (see Javadoc of corresponding member of 'org.hibernate.cfg.AvailableSettings')
2026-06-22T22:25:40.167+02:00  INFO 12224 --- [Pair] [  restartedMain] org.hibernate.orm.incubating             : HHH90006001: Setting 'hibernate.type.preferred_instant_jdbc_type' is still incubating (see Javadoc of corresponding member of 'org.hibernate.cfg.AvailableSettings')
2026-06-22T22:25:40.168+02:00  INFO 12224 --- [Pair] [  restartedMain] org.hibernate.orm.incubating             : HHH90006001: Setting 'hibernate.type.preferred_instant_jdbc_type' is still incubating (see Javadoc of corresponding member of 'org.hibernate.cfg.AvailableSettings')
2026-06-22T22:25:40.169+02:00  INFO 12224 --- [Pair] [  restartedMain] org.hibernate.orm.incubating             : HHH90006001: Setting 'hibernate.type.preferred_instant_jdbc_type' is still incubating (see Javadoc of corresponding member of 'org.hibernate.cfg.AvailableSettings')
2026-06-22T22:25:40.171+02:00  INFO 12224 --- [Pair] [  restartedMain] org.hibernate.orm.incubating             : HHH90006001: Setting 'hibernate.type.preferred_instant_jdbc_type' is still incubating (see Javadoc of corresponding member of 'org.hibernate.cfg.AvailableSettings')
2026-06-22T22:25:40.171+02:00  INFO 12224 --- [Pair] [  restartedMain] org.hibernate.orm.incubating             : HHH90006001: Setting 'hibernate.type.preferred_instant_jdbc_type' is still incubating (see Javadoc of corresponding member of 'org.hibernate.cfg.AvailableSettings')
2026-06-22T22:25:40.171+02:00  INFO 12224 --- [Pair] [  restartedMain] org.hibernate.orm.incubating             : HHH90006001: Setting 'hibernate.type.preferred_instant_jdbc_type' is still incubating (see Javadoc of corresponding member of 'org.hibernate.cfg.AvailableSettings')
2026-06-22T22:25:40.172+02:00  INFO 12224 --- [Pair] [  restartedMain] org.hibernate.orm.incubating             : HHH90006001: Setting 'hibernate.type.preferred_instant_jdbc_type' is still incubating (see Javadoc of corresponding member of 'org.hibernate.cfg.AvailableSettings')
2026-06-22T22:25:40.172+02:00  INFO 12224 --- [Pair] [  restartedMain] org.hibernate.orm.incubating             : HHH90006001: Setting 'hibernate.type.preferred_instant_jdbc_type' is still incubating (see Javadoc of corresponding member of 'org.hibernate.cfg.AvailableSettings')
2026-06-22T22:25:40.173+02:00  INFO 12224 --- [Pair] [  restartedMain] org.hibernate.orm.incubating             : HHH90006001: Setting 'hibernate.type.preferred_instant_jdbc_type' is still incubating (see Javadoc of corresponding member of 'org.hibernate.cfg.AvailableSettings')
2026-06-22T22:25:40.180+02:00  INFO 12224 --- [Pair] [  restartedMain] org.hibernate.orm.incubating             : HHH90006001: Setting 'hibernate.type.preferred_instant_jdbc_type' is still incubating (see Javadoc of corresponding member of 'org.hibernate.cfg.AvailableSettings')
2026-06-22T22:25:40.699+02:00  INFO 12224 --- [Pair] [  restartedMain] org.hibernate.orm.core                   : HHH000489: No JTA platform available (set 'hibernate.transaction.jta.platform' to enable JTA platform integration)
2026-06-22T22:25:40.702+02:00  INFO 12224 --- [Pair] [  restartedMain] j.LocalContainerEntityManagerFactoryBean : Initialized JPA EntityManagerFactory for persistence unit 'default'
2026-06-22T22:25:42.071+02:00  WARN 12224 --- [Pair] [  restartedMain] JpaBaseConfiguration$JpaWebConfiguration : spring.jpa.open-in-view is enabled by default. Therefore, database queries may be performed during view rendering. Explicitly configure spring.jpa.open-in-view to disable this warning
2026-06-22T22:25:42.249+02:00  INFO 12224 --- [Pair] [  restartedMain] r$InitializeUserDetailsManagerConfigurer : Global AuthenticationManager configured with UserDetailsService bean with name userDetailsServiceImpl
2026-06-22T22:25:42.807+02:00  INFO 12224 --- [Pair] [  restartedMain] o.s.boot.tomcat.TomcatWebServer          : Tomcat started on port 8090 (http) with context path '/'
2026-06-22T22:25:42.810+02:00  INFO 12224 --- [Pair] [  restartedMain] org.program.pair.PairApplication         : Started PairApplication in 4.752 seconds (process running for 714.851)
2026-06-22T22:25:42.814+02:00  INFO 12224 --- [Pair] [  restartedMain] .ConditionEvaluationDeltaLoggingListener : Condition evaluation delta:


==========================
CONDITION EVALUATION DELTA
==========================


Positive matches:
-----------------

    None


Negative matches:
-----------------

   DataJpaRepositoriesAutoConfiguration:
      Did not match:
         - @ConditionalOnMissingBean (types: org.springframework.data.jpa.repository.support.JpaRepositoryFactoryBean,org.springframework.data.jpa.repository.config.JpaRepositoryConfigExtension; SearchStrategy: all) found beans of type 'org.springframework.data.jpa.repository.support.JpaRepositoryFactoryBean' &notificationPrefRepository, &notificationRepository, &reviewRepository, &progressionEntryRepository, &conversationRepository, &userActivityRepository, &programRepository, &conversationMemberRepository, &reportRepository, &messageRepository, &userRepository, &activityRepository, &categoryRepository, &searchLogRepository, &badgeRepository, &badgeAwardRepository, &programMediaRepository, &peerRecommendationRepository, &scheduleRepository and found beans of type 'org.springframework.data.jpa.repository.config.JpaRepositoryConfigExtension' org.springframework.data.jpa.repository.config.JpaRepositoryConfigExtension#0 (OnBeanCondition)
      Matched:
         - @ConditionalOnClass found required class 'org.springframework.data.jpa.repository.JpaRepository' (OnClassCondition)
         - @ConditionalOnBooleanProperty (spring.data.jpa.repositories.enabled=true) matched (OnPropertyCondition)

   ServletWebSecurityAutoConfiguration.EnableWebSecurityConfiguration:
      Did not match:
         - @ConditionalOnMissingBean (names: springSecurityFilterChain; SearchStrategy: all) found beans named springSecurityFilterChain (OnBeanCondition)
      Matched:
         - @ConditionalOnClass found required class 'org.springframework.security.config.annotation.web.configuration.EnableWebSecurity' (OnClassCondition)

   ServletWebSecurityAutoConfiguration.SecurityFilterChainConfiguration:
      Did not match:
         - AllNestedConditions 1 matched 1 did not; NestedCondition on DefaultWebSecurityCondition.Beans @ConditionalOnMissingBean (types: org.springframework.security.web.SecurityFilterChain; SearchStrategy: all) found beans of type 'org.springframework.security.web.SecurityFilterChain' filterChain; NestedCondition on DefaultWebSecurityCondition.Classes @ConditionalOnClass found required classes 'org.springframework.security.web.SecurityFilterChain', 'org.springframework.security.config.annotation.web.builders.HttpSecurity' (DefaultWebSecurityCondition)

   TransactionAutoConfiguration.EnableTransactionManagementConfiguration:
      Did not match:
         - @ConditionalOnMissingBean (types: org.springframework.transaction.annotation.AbstractTransactionManagementConfiguration; SearchStrategy: all) found beans of type 'org.springframework.transaction.annotation.AbstractTransactionManagementConfiguration' org.springframework.transaction.annotation.ProxyTransactionManagementConfiguration (OnBeanCondition)

   TransactionAutoConfiguration.EnableTransactionManagementConfiguration.CglibAutoProxyConfiguration:
      Did not match:
         - Ancestor org.springframework.boot.transaction.autoconfigure.TransactionAutoConfiguration$EnableTransactionManagementConfiguration did not match (ConditionEvaluationReport.AncestorsMatchedCondition)
      Matched:
         - @ConditionalOnBooleanProperty (spring.aop.proxy-target-class=true) matched (OnPropertyCondition)

   UserDetailsServiceAutoConfiguration:
      Did not match:
         - @ConditionalOnMissingBean (types: org.springframework.security.authentication.AuthenticationManager,org.springframework.security.authentication.AuthenticationProvider,org.springframework.security.core.userdetails.UserDetailsService,org.springframework.security.authentication.AuthenticationManagerResolver,org.springframework.security.oauth2.jwt.JwtDecoder; SearchStrategy: all) found beans of type 'org.springframework.security.authentication.AuthenticationManager' authenticationManager and found beans of type 'org.springframework.security.core.userdetails.UserDetailsService' userDetailsServiceImpl (OnBeanCondition)
      Matched:
         - @ConditionalOnClass found required class 'org.springframework.security.authentication.AuthenticationManager' (OnClassCondition)
         - found 'session' scope (OnWebApplicationCondition)
         - AnyNestedCondition 1 matched 2 did not; NestedCondition on MissingAlternativeUserDetailsManagerOrUserPropertiesConfigured.PasswordConfigured @ConditionalOnProperty (spring.security.user.password) did not find property 'spring.security.user.password'; NestedCondition on MissingAlternativeUserDetailsManagerOrUserPropertiesConfigured.NameConfigured @ConditionalOnProperty (spring.security.user.name) did not find property 'spring.security.user.name'; NestedCondition on MissingAlternativeUserDetailsManagerOrUserPropertiesConfigured.MissingAlternative @ConditionalOnMissingClass did not find unwanted classes 'org.springframework.security.oauth2.client.registration.ClientRegistrationRepository', 'org.springframework.security.oauth2.server.resource.introspection.OpaqueTokenIntrospector', 'org.springframework.security.saml2.provider.service.registration.RelyingPartyRegistrationRepository' (MissingAlternativeUserDetailsManagerOrUserPropertiesConfigured)


Exclusions:
-----------

    None


Unconditional classes:
----------------------

    None



